n,p,stat,ode_mean,other_mean,mean_diff,split,drop_frac,ode,vs
15,0.138427734375,40.0,0.1570006502999199,0.20876773165331947,-0.05176708135339949,val,0.2,ode_s0,gru_s0
15,0.075714111328125,34.0,0.1570006502999199,0.23843087744381694,-0.08143022714389694,val,0.2,ode_s0,gru_s1
15,0.09381103515625,36.0,0.1570006502999199,0.2457378316877617,-0.0887371813878417,val,0.2,ode_s0,gru_s2
15,0.151397705078125,41.0,0.1570006502999199,0.2151476744355427,-0.058147024135622706,val,0.2,ode_s0,lstm_s0
15,0.1795654296875,43.0,0.1570006502999199,0.21561545037354032,-0.05861480007362035,val,0.2,ode_s0,lstm_s1
15,0.4451904296875,57.0,0.1570006502999199,0.1472259102596177,0.009774740040302272,val,0.2,ode_s0,lstm_s2
15,0.210601806640625,45.0,0.1570006502999199,0.1589727884779374,-0.0019721381780174034,val,0.2,ode_s0,transformer_s0
15,0.4451904296875,57.0,0.1570006502999199,0.15100054923548464,0.00600010106443531,val,0.2,ode_s0,transformer_s1
15,0.467041015625,58.0,0.1570006502999199,0.1361363056322767,0.0208643446676433,val,0.2,ode_s0,transformer_s2
15,0.99993896484375,118.0,0.520525036710832,0.20876773165331947,0.3117573050575124,val,0.2,ode_s1,gru_s0
15,0.999908447265625,117.0,0.520525036710832,0.23843087744381694,0.2820941592670149,val,0.2,ode_s1,gru_s1
15,0.999908447265625,117.0,0.520525036710832,0.2457378316877617,0.27478720502307025,val,0.2,ode_s1,gru_s2
15,0.999969482421875,119.0,0.520525036710832,0.2151476744355427,0.3053773622752892,val,0.2,ode_s1,lstm_s0
15,1.0,120.0,0.520525036710832,0.21561545037354032,0.30490958633729154,val,0.2,ode_s1,lstm_s1
15,1.0,120.0,0.520525036710832,0.1472259102596177,0.3732991264512142,val,0.2,ode_s1,lstm_s2
15,0.999237060546875,111.0,0.520525036710832,0.1589727884779374,0.3615522482328945,val,0.2,ode_s1,transformer_s0
15,0.999420166015625,112.0,0.520525036710832,0.15100054923548464,0.36952448747534716,val,0.2,ode_s1,transformer_s1
15,0.99957275390625,113.0,0.520525036710832,0.1361363056322767,0.3843887310785552,val,0.2,ode_s1,transformer_s2
15,0.99993896484375,118.0,0.4775302373700671,0.20876773165331947,0.2687625057167477,val,0.2,ode_s2,gru_s0
15,0.999908447265625,117.0,0.4775302373700671,0.23843087744381694,0.23909935992625023,val,0.2,ode_s2,gru_s1
15,0.999908447265625,117.0,0.4775302373700671,0.2457378316877617,0.2317924056823055,val,0.2,ode_s2,gru_s2
15,1.0,120.0,0.4775302373700671,0.2151476744355427,0.26238256293452455,val,0.2,ode_s2,lstm_s0
15,1.0,120.0,0.4775302373700671,0.21561545037354032,0.2619147869965268,val,0.2,ode_s2,lstm_s1
15,1.0,120.0,0.4775302373700671,0.1472259102596177,0.3303043271104495,val,0.2,ode_s2,lstm_s2
15,0.998687744140625,109.0,0.4775302373700671,0.1589727884779374,0.3185574488921298,val,0.2,ode_s2,transformer_s0
15,0.999420166015625,112.0,0.4775302373700671,0.15100054923548464,0.32652968813458255,val,0.2,ode_s2,transformer_s1
15,0.999237060546875,111.0,0.4775302373700671,0.1361363056322767,0.3413939317377905,val,0.2,ode_s2,transformer_s2
15,0.075714111328125,34.0,0.15794508424070147,0.2308596078720358,-0.07291452363133429,val,0.4,ode_s0,gru_s0
15,0.0318603515625,27.0,0.15794508424070147,0.265489901519484,-0.10754481727878253,val,0.4,ode_s0,gru_s1
15,0.0364990234375,28.0,0.15794508424070147,0.2803058758378029,-0.12236079159710145,val,0.4,ode_s0,gru_s2
15,0.060272216796875,32.0,0.15794508424070147,0.27304896604683665,-0.11510388180613518,val,0.4,ode_s0,lstm_s0
15,0.060272216796875,32.0,0.15794508424070147,0.2683974070888427,-0.11045232284814117,val,0.4,ode_s0,lstm_s1
15,0.3193359375,51.0,0.15794508424070147,0.17312352678014173,-0.01517844253944026,val,0.4,ode_s0,lstm_s2
15,0.126190185546875,39.0,0.15794508424070147,0.18436464907394517,-0.02641956483324369,val,0.4,ode_s0,transformer_s0
15,0.380767822265625,54.0,0.15794508424070147,0.18633592335714236,-0.02839083911644089,val,0.4,ode_s0,transformer_s1
15,0.511016845703125,60.0,0.15794508424070147,0.14734076443645688,0.010604319804244573,val,0.4,ode_s0,transformer_s2
15,0.999908447265625,117.0,0.5884955882198281,0.2308596078720358,0.3576359803477923,val,0.4,ode_s1,gru_s0
15,0.999908447265625,117.0,0.5884955882198281,0.265489901519484,0.323005686700344,val,0.4,ode_s1,gru_s1
15,0.999908447265625,117.0,0.5884955882198281,0.2803058758378029,0.3081897123820252,val,0.4,ode_s1,gru_s2
15,0.99993896484375,118.0,0.5884955882198281,0.27304896604683665,0.31544662217299135,val,0.4,ode_s1,lstm_s0
15,1.0,120.0,0.5884955882198281,0.2683974070888427,0.3200981811309855,val,0.4,ode_s1,lstm_s1
15,1.0,120.0,0.5884955882198281,0.17312352678014173,0.41537206143968636,val,0.4,ode_s1,lstm_s2
15,0.999420166015625,112.0,0.5884955882198281,0.18436464907394517,0.40413093914588294,val,0.4,ode_s1,transformer_s0
15,0.999420166015625,112.0,0.5884955882198281,0.18633592335714236,0.4021596648626857,val,0.4,ode_s1,transformer_s1
15,0.99969482421875,114.0,0.5884955882198281,0.14734076443645688,0.4411548237833712,val,0.4,ode_s1,transformer_s2
15,0.999908447265625,117.0,0.5358250874612066,0.2308596078720358,0.30496547958917086,val,0.4,ode_s2,gru_s0
15,0.999847412109375,116.0,0.5358250874612066,0.265489901519484,0.2703351859417227,val,0.4,ode_s2,gru_s1
15,0.999847412109375,116.0,0.5358250874612066,0.2803058758378029,0.2555192116234038,val,0.4,ode_s2,gru_s2
15,0.999969482421875,119.0,0.5358250874612066,0.27304896604683665,0.26277612141437,val,0.4,ode_s2,lstm_s0
15,1.0,120.0,0.5358250874612066,0.2683974070888427,0.26742768037236403,val,0.4,ode_s2,lstm_s1
15,1.0,120.0,0.5358250874612066,0.17312352678014173,0.36270156068106496,val,0.4,ode_s2,lstm_s2
15,0.999237060546875,111.0,0.5358250874612066,0.18436464907394517,0.3514604383872616,val,0.4,ode_s2,transformer_s0
15,0.999420166015625,112.0,0.5358250874612066,0.18633592335714236,0.34948916410406433,val,0.4,ode_s2,transformer_s1
15,0.99969482421875,114.0,0.5358250874612066,0.14734076443645688,0.3884843230247498,val,0.4,ode_s2,transformer_s2
15,0.1038818359375,37.0,0.17805581622653535,0.2507103821883599,-0.07265456596182451,val,0.6,ode_s0,gru_s0
15,0.0416259765625,29.0,0.17805581622653535,0.2884734277923902,-0.1104176115658548,val,0.6,ode_s0,gru_s1
15,0.0416259765625,29.0,0.17805581622653535,0.3111802581283782,-0.13312444190184275,val,0.6,ode_s0,gru_s2
15,0.0416259765625,29.0,0.17805581622653535,0.3343324088801941,-0.15627659265365865,val,0.6,ode_s0,lstm_s0
15,0.053497314453125,31.0,0.17805581622653535,0.32165518740399013,-0.14359937117745478,val,0.6,ode_s0,lstm_s1
15,0.262237548828125,48.0,0.17805581622653535,0.1975780317766799,-0.019522215550144505,val,0.6,ode_s0,lstm_s2
15,0.126190185546875,39.0,0.17805581622653535,0.2106985532989105,-0.03264273707237509,val,0.6,ode_s0,transformer_s0
15,0.35986328125,53.0,0.17805581622653535,0.20923860702249739,-0.03118279079596201,val,0.6,ode_s0,transformer_s1
15,0.619232177734375,65.0,0.17805581622653535,0.1644994229492214,0.013556393277313969,val,0.6,ode_s0,transformer_s2
15,0.999908447265625,117.0,0.6344604962401921,0.2507103821883599,0.38375011405183207,val,0.6,ode_s1,gru_s0
15,0.999847412109375,116.0,0.6344604962401921,0.2884734277923902,0.3459870684478018,val,0.6,ode_s1,gru_s1
15,0.999786376953125,115.0,0.6344604962401921,0.3111802581283782,0.3232802381118138,val,0.6,ode_s1,gru_s2
15,0.999908447265625,117.0,0.6344604962401921,0.3343324088801941,0.30012808735999796,val,0.6,ode_s1,lstm_s0
15,0.999969482421875,119.0,0.6344604962401921,0.32165518740399013,0.3128053088362019,val,0.6,ode_s1,lstm_s1
15,1.0,120.0,0.6344604962401921,0.1975780317766799,0.4368824644635121,val,0.6,ode_s1,lstm_s2
15,0.998992919921875,110.0,0.6344604962401921,0.2106985532989105,0.4237619429412815,val,0.6,ode_s1,transformer_s0
15,0.998321533203125,108.0,0.6344604962401921,0.20923860702249739,0.4252218892176946,val,0.6,ode_s1,transformer_s1
15,0.999420166015625,112.0,0.6344604962401921,0.1644994229492214,0.4699610732909705,val,0.6,ode_s1,transformer_s2
15,0.999908447265625,117.0,0.5752620297173657,0.2507103821883599,0.32455164752900606,val,0.6,ode_s2,gru_s0
15,0.999786376953125,115.0,0.5752620297173657,0.2884734277923902,0.28678860192497574,val,0.6,ode_s2,gru_s1
15,0.999786376953125,115.0,0.5752620297173657,0.3111802581283782,0.2640817715889878,val,0.6,ode_s2,gru_s2
15,0.999847412109375,116.0,0.5752620297173657,0.3343324088801941,0.24092962083717187,val,0.6,ode_s2,lstm_s0
15,0.999969482421875,119.0,0.5752620297173657,0.32165518740399013,0.2536068423133757,val,0.6,ode_s2,lstm_s1
15,0.999969482421875,119.0,0.5752620297173657,0.1975780317766799,0.377683997940686,val,0.6,ode_s2,lstm_s2
15,0.998687744140625,109.0,0.5752620297173657,0.2106985532989105,0.3645634764184555,val,0.6,ode_s2,transformer_s0
15,0.99786376953125,107.0,0.5752620297173657,0.20923860702249739,0.3660234226948685,val,0.6,ode_s2,transformer_s1
15,0.999237060546875,111.0,0.5752620297173657,0.1644994229492214,0.4107626067681445,val,0.6,ode_s2,transformer_s2
15,0.000762939453125,8.0,0.18132196226053768,0.34359376314613554,-0.16227180088559784,test,0.2,ode_s0,gru_s0
15,0.000762939453125,8.0,0.18132196226053768,0.3554787466509474,-0.17415678439040977,test,0.2,ode_s0,gru_s1
15,0.000762939453125,8.0,0.18132196226053768,0.3597334746685293,-0.17841151240799158,test,0.2,ode_s0,gru_s2
15,0.619232177734375,65.0,0.18132196226053768,0.19704427590800658,-0.015722313647468882,test,0.2,ode_s0,lstm_s0
15,0.227142333984375,46.0,0.18132196226053768,0.2177857706737187,-0.036463808413181045,test,0.2,ode_s0,lstm_s1
15,0.000762939453125,8.0,0.18132196226053768,0.23465269903341926,-0.053330736772881616,test,0.2,ode_s0,lstm_s2
15,0.08441162109375,35.0,0.18132196226053768,0.3963239411926932,-0.21500197893215547,test,0.2,ode_s0,transformer_s0
15,0.0416259765625,29.0,0.18132196226053768,0.29268283947474427,-0.11136087721420658,test,0.2,ode_s0,transformer_s1
15,0.29974365234375,50.0,0.18132196226053768,0.20339598703301615,-0.02207402477247847,test,0.2,ode_s0,transformer_s2
15,0.999969482421875,119.0,0.8438079624540276,0.34359376314613554,0.5002141993078922,test,0.2,ode_s1,gru_s0
15,0.999969482421875,119.0,0.8438079624540276,0.3554787466509474,0.4883292158030802,test,0.2,ode_s1,gru_s1
15,0.999969482421875,119.0,0.8438079624540276,0.3597334746685293,0.4840744877854985,test,0.2,ode_s1,gru_s2
15,0.99957275390625,113.0,0.8438079624540276,0.19704427590800658,0.6467636865460211,test,0.2,ode_s1,lstm_s0
15,0.99969482421875,114.0,0.8438079624540276,0.2177857706737187,0.626022191780309,test,0.2,ode_s1,lstm_s1
15,0.999786376953125,115.0,0.8438079624540276,0.23465269903341926,0.6091552634206082,test,0.2,ode_s1,lstm_s2
15,0.982330322265625,96.0,0.8438079624540276,0.3963239411926932,0.4474840212613345,test,0.2,ode_s1,transformer_s0
15,0.99786376953125,107.0,0.8438079624540276,0.29268283947474427,0.5511251229792832,test,0.2,ode_s1,transformer_s1
15,0.999420166015625,112.0,0.8438079624540276,0.20339598703301615,0.6404119754210115,test,0.2,ode_s1,transformer_s2
15,0.99993896484375,118.0,0.7672961522307661,0.34359376314613554,0.4237023890846306,test,0.2,ode_s2,gru_s0
15,0.99993896484375,118.0,0.7672961522307661,0.3554787466509474,0.41181740557981866,test,0.2,ode_s2,gru_s1
15,0.999969482421875,119.0,0.7672961522307661,0.3597334746685293,0.4075626775622368,test,0.2,ode_s2,gru_s2
15,0.999237060546875,111.0,0.7672961522307661,0.19704427590800658,0.5702518763227596,test,0.2,ode_s2,lstm_s0
15,0.99969482421875,114.0,0.7672961522307661,0.2177857706737187,0.5495103815570473,test,0.2,ode_s2,lstm_s1
15,0.99969482421875,114.0,0.7672961522307661,0.23465269903341926,0.5326434531973467,test,0.2,ode_s2,lstm_s2
15,0.9793701171875,95.0,0.7672961522307661,0.3963239411926932,0.37097221103807276,test,0.2,ode_s2,transformer_s0
15,0.99786376953125,107.0,0.7672961522307661,0.29268283947474427,0.4746133127560218,test,0.2,ode_s2,transformer_s1
15,0.999420166015625,112.0,0.7672961522307661,0.20339598703301615,0.5639001651977499,test,0.2,ode_s2,transformer_s2
15,0.000579833984375,7.0,0.18554819756084015,0.3516950701673826,-0.16614687260654237,test,0.4,ode_s0,gru_s0
15,0.000579833984375,7.0,0.18554819756084015,0.3682719364762306,-0.18272373891539048,test,0.4,ode_s0,gru_s1
15,0.000762939453125,8.0,0.18554819756084015,0.37200994292895,-0.18646174536810978,test,0.4,ode_s0,gru_s2
15,0.4234619140625,56.0,0.18554819756084015,0.2029958848738008,-0.017447687312960616,test,0.4,ode_s0,lstm_s0
15,0.1947021484375,44.0,0.18554819756084015,0.22450385772519643,-0.03895566016435623,test,0.4,ode_s0,lstm_s1
15,0.001312255859375,10.0,0.18554819756084015,0.23818718848956957,-0.052638990928729375,test,0.4,ode_s0,lstm_s2
15,0.04730224609375,30.0,0.18554819756084015,0.39757889852755596,-0.2120307009667158,test,0.4,ode_s0,transformer_s0
15,0.0318603515625,27.0,0.18554819756084015,0.3067523270845413,-0.12120412952370115,test,0.4,ode_s0,transformer_s1
15,0.1795654296875,43.0,0.18554819756084015,0.2081863120612171,-0.022638114500376904,test,0.4,ode_s0,transformer_s2
15,0.999969482421875,119.0,0.8520796133412255,0.3516950701673826,0.5003845431738428,test,0.4,ode_s1,gru_s0
15,0.999969482421875,119.0,0.8520796133412255,0.3682719364762306,0.4838076768649949,test,0.4,ode_s1,gru_s1
15,0.999969482421875,119.0,0.8520796133412255,0.37200994292895,0.4800696704122755,test,0.4,ode_s1,gru_s2
15,0.999786376953125,115.0,0.8520796133412255,0.2029958848738008,0.6490837284674247,test,0.4,ode_s1,lstm_s0
15,0.99993896484375,118.0,0.8520796133412255,0.22450385772519643,0.627575755616029,test,0.4,ode_s1,lstm_s1
15,0.999908447265625,117.0,0.8520796133412255,0.23818718848956957,0.613892424851656,test,0.4,ode_s1,lstm_s2
15,0.9937744140625,102.0,0.8520796133412255,0.39757889852755596,0.45450071481366966,test,0.4,ode_s1,transformer_s0
15,0.998992919921875,110.0,0.8520796133412255,0.3067523270845413,0.5453272862566844,test,0.4,ode_s1,transformer_s1
15,0.999420166015625,112.0,0.8520796133412255,0.2081863120612171,0.6438933012800085,test,0.4,ode_s1,transformer_s2
15,0.99993896484375,118.0,0.7741074296335381,0.3516950701673826,0.42241235946615546,test,0.4,ode_s2,gru_s0
15,0.99993896484375,118.0,0.7741074296335381,0.3682719364762306,0.4058354931573073,test,0.4,ode_s2,gru_s1
15,0.999969482421875,119.0,0.7741074296335381,0.37200994292895,0.402097486704588,test,0.4,ode_s2,gru_s2
15,0.99957275390625,113.0,0.7741074296335381,0.2029958848738008,0.5711115447597371,test,0.4,ode_s2,lstm_s0
15,0.999786376953125,115.0,0.7741074296335381,0.22450385772519643,0.5496035719083415,test,0.4,ode_s2,lstm_s1
15,0.999786376953125,115.0,0.7741074296335381,0.23818718848956957,0.5359202411439683,test,0.4,ode_s2,lstm_s2
15,0.990966796875,100.0,0.7741074296335381,0.39757889852755596,0.376528531105982,test,0.4,ode_s2,transformer_s0
15,0.997314453125,106.0,0.7741074296335381,0.3067523270845413,0.4673551025489966,test,0.4,ode_s2,transformer_s1
15,0.999420166015625,112.0,0.7741074296335381,0.2081863120612171,0.5659211175723209,test,0.4,ode_s2,transformer_s2
15,0.000579833984375,7.0,0.19597886684868068,0.3622014822231398,-0.16622261537445915,test,0.6,ode_s0,gru_s0
15,0.000579833984375,7.0,0.19597886684868068,0.38126282460159727,-0.18528395775291653,test,0.6,ode_s0,gru_s1
15,0.001007080078125,9.0,0.19597886684868068,0.38958543108569255,-0.19360656423701184,test,0.6,ode_s0,gru_s2
15,0.075714111328125,34.0,0.19597886684868068,0.2375108725494809,-0.04153200570080015,test,0.6,ode_s0,lstm_s0
15,0.023956298828125,25.0,0.19597886684868068,0.260200085139109,-0.0642212182904283,test,0.6,ode_s0,lstm_s1
15,0.001678466796875,11.0,0.19597886684868068,0.2503951677845584,-0.054416300935877675,test,0.6,ode_s0,lstm_s2
15,0.0206298828125,24.0,0.19597886684868068,0.4177196621066995,-0.22174079525801868,test,0.6,ode_s0,transformer_s0
15,0.009033203125,19.0,0.19597886684868068,0.35591297745704653,-0.1599341106083658,test,0.6,ode_s0,transformer_s1
15,0.151397705078125,41.0,0.19597886684868068,0.2200717595302396,-0.02409289268155892,test,0.6,ode_s0,transformer_s2
15,0.999969482421875,119.0,0.8835845763484637,0.3622014822231398,0.5213830941253238,test,0.6,ode_s1,gru_s0
15,0.999969482421875,119.0,0.8835845763484637,0.38126282460159727,0.5023217517468664,test,0.6,ode_s1,gru_s1
15,0.999969482421875,119.0,0.8835845763484637,0.38958543108569255,0.4939991452627711,test,0.6,ode_s1,gru_s2
15,0.999908447265625,117.0,0.8835845763484637,0.2375108725494809,0.6460737037989829,test,0.6,ode_s1,lstm_s0
15,0.99993896484375,118.0,0.8835845763484637,0.260200085139109,0.6233844912093546,test,0.6,ode_s1,lstm_s1
15,0.99993896484375,118.0,0.8835845763484637,0.2503951677845584,0.6331894085639055,test,0.6,ode_s1,lstm_s2
15,0.995819091796875,104.0,0.8835845763484637,0.4177196621066995,0.4658649142417642,test,0.6,ode_s1,transformer_s0
15,0.998321533203125,108.0,0.8835845763484637,0.35591297745704653,0.5276715988914171,test,0.6,ode_s1,transformer_s1
15,0.99957275390625,113.0,0.8835845763484637,0.2200717595302396,0.663512816818224,test,0.6,ode_s1,transformer_s2
15,0.999969482421875,119.0,0.8037756654951308,0.3622014822231398,0.4415741832719908,test,0.6,ode_s2,gru_s0
15,0.999969482421875,119.0,0.8037756654951308,0.38126282460159727,0.4225128408935335,test,0.6,ode_s2,gru_s1
15,0.999969482421875,119.0,0.8037756654951308,0.38958543108569255,0.4141902344094383,test,0.6,ode_s2,gru_s2
15,0.99969482421875,114.0,0.8037756654951308,0.2375108725494809,0.5662647929456498,test,0.6,ode_s2,lstm_s0
15,0.99993896484375,118.0,0.8037756654951308,0.260200085139109,0.5435755803560219,test,0.6,ode_s2,lstm_s1
15,0.999908447265625,117.0,0.8037756654951308,0.2503951677845584,0.5533804977105724,test,0.6,ode_s2,lstm_s2
15,0.994873046875,103.0,0.8037756654951308,0.4177196621066995,0.3860560033884313,test,0.6,ode_s2,transformer_s0
15,0.99664306640625,105.0,0.8037756654951308,0.35591297745704653,0.4478626880380843,test,0.6,ode_s2,transformer_s1
15,0.999420166015625,112.0,0.8037756654951308,0.2200717595302396,0.5837039059648912,test,0.6,ode_s2,transformer_s2
