model,split,track_id,size_mse
ode_s0,val,5176,1.1747281551361084
ode_s0,val,5185,0.7609653472900391
ode_s0,val,5199,0.8607610464096069
ode_s0,val,5215,0.4475012719631195
ode_s0,val,5217,1.9914569854736328
ode_s0,val,5221,2.9797677993774414
ode_s0,val,5222,0.13011272251605988
ode_s0,val,5227,3.0008604526519775
ode_s0,val,5232,2.122982978820801
ode_s0,val,5236,3.27968168258667
ode_s0,val,5243,3.2091503143310547
ode_s0,val,6917,0.20540018379688263
ode_s0,val,6922,1.2396286725997925
ode_s0,val,6923,1.0700652599334717
ode_s0,val,6924,1.7189970016479492
ode_s0,test,5175,1.6834582090377808
ode_s0,test,5177,2.604452610015869
ode_s0,test,5179,1.2186017036437988
ode_s0,test,5180,1.4298597574234009
ode_s0,test,5190,2.158724069595337
ode_s0,test,5195,2.2548108100891113
ode_s0,test,5206,1.2585772275924683
ode_s0,test,5212,1.6743950843811035
ode_s0,test,5216,3.581005573272705
ode_s0,test,5228,4.247633457183838
ode_s0,test,5233,5.2203192710876465
ode_s0,test,5234,3.687541961669922
ode_s0,test,6300,1.1634635925292969
ode_s0,test,6306,1.42546808719635
ode_s0,test,6883,0.059148792177438736
ode_s1,val,5176,1.07756507396698
ode_s1,val,5185,0.682966411113739
ode_s1,val,5199,0.9691357612609863
ode_s1,val,5215,0.4103366434574127
ode_s1,val,5217,1.7756420373916626
ode_s1,val,5221,2.993394136428833
ode_s1,val,5222,0.10714324563741684
ode_s1,val,5227,2.9051871299743652
ode_s1,val,5232,2.1124632358551025
ode_s1,val,5236,3.208965301513672
ode_s1,val,5243,3.2580933570861816
ode_s1,val,6917,0.20682191848754883
ode_s1,val,6922,1.0888290405273438
ode_s1,val,6923,1.1218668222427368
ode_s1,val,6924,1.781270146369934
ode_s1,test,5175,1.5077741146087646
ode_s1,test,5177,2.4525492191314697
ode_s1,test,5179,1.1542952060699463
ode_s1,test,5180,1.3578128814697266
ode_s1,test,5190,2.0299019813537598
ode_s1,test,5195,2.3679301738739014
ode_s1,test,5206,1.0887281894683838
ode_s1,test,5212,1.5888755321502686
ode_s1,test,5216,3.4578568935394287
ode_s1,test,5228,4.2165207862854
ode_s1,test,5233,5.359619140625
ode_s1,test,5234,3.5129761695861816
ode_s1,test,6300,0.9829856753349304
ode_s1,test,6306,1.4397754669189453
ode_s1,test,6883,0.026793306693434715
ode_s2,val,5176,1.3147368431091309
ode_s2,val,5185,0.8764638900756836
ode_s2,val,5199,0.9916724562644958
ode_s2,val,5215,0.5071808099746704
ode_s2,val,5217,2.137665271759033
ode_s2,val,5221,3.075812816619873
ode_s2,val,5222,0.13970957696437836
ode_s2,val,5227,3.197190761566162
ode_s2,val,5232,2.360541820526123
ode_s2,val,5236,3.4900267124176025
ode_s2,val,5243,3.2903220653533936
ode_s2,val,6917,0.23155878484249115
ode_s2,val,6922,1.5148565769195557
ode_s2,val,6923,1.1244608163833618
ode_s2,val,6924,1.776551604270935
ode_s2,test,5175,1.8483648300170898
ode_s2,test,5177,2.8185043334960938
ode_s2,test,5179,1.3523502349853516
ode_s2,test,5180,1.5912379026412964
ode_s2,test,5190,2.3396198749542236
ode_s2,test,5195,2.557213306427002
ode_s2,test,5206,1.3277437686920166
ode_s2,test,5212,1.8170119524002075
ode_s2,test,5216,3.731009006500244
ode_s2,test,5228,4.320730209350586
ode_s2,test,5233,5.40142822265625
ode_s2,test,5234,3.9352569580078125
ode_s2,test,6300,1.237212896347046
ode_s2,test,6306,1.5239877700805664
ode_s2,test,6883,0.08844531327486038
gru_s0,val,5176,0.49669793248176575
gru_s0,val,5185,0.16684822738170624
gru_s0,val,5199,0.5552139282226562
gru_s0,val,5215,0.3238663375377655
gru_s0,val,5217,1.3714745044708252
gru_s0,val,5221,2.42303729057312
gru_s0,val,5222,0.16901661455631256
gru_s0,val,5227,2.1226987838745117
gru_s0,val,5232,1.2102348804473877
gru_s0,val,5236,1.883405089378357
gru_s0,val,5243,2.611558675765991
gru_s0,val,6917,0.2337421178817749
gru_s0,val,6922,1.2641359567642212
gru_s0,val,6923,1.016953468322754
gru_s0,val,6924,1.4381012916564941
gru_s0,test,5175,0.5406808853149414
gru_s0,test,5177,1.1646488904953003
gru_s0,test,5179,0.31562539935112
gru_s0,test,5180,0.5976710319519043
gru_s0,test,5190,0.9611935615539551
gru_s0,test,5195,1.6703966856002808
gru_s0,test,5206,0.57700115442276
gru_s0,test,5212,0.5946327447891235
gru_s0,test,5216,2.3462562561035156
gru_s0,test,5228,2.4202065467834473
gru_s0,test,5233,3.529618978500366
gru_s0,test,5234,2.190289258956909
gru_s0,test,6300,0.2639448642730713
gru_s0,test,6306,0.8506667613983154
gru_s0,test,6883,0.1622350662946701
gru_s1,val,5176,0.4823860824108124
gru_s1,val,5185,0.1726018786430359
gru_s1,val,5199,0.6078134179115295
gru_s1,val,5215,0.3613683581352234
gru_s1,val,5217,1.3710358142852783
gru_s1,val,5221,2.456824779510498
gru_s1,val,5222,0.23175179958343506
gru_s1,val,5227,2.1923089027404785
gru_s1,val,5232,1.1665570735931396
gru_s1,val,5236,1.8486400842666626
gru_s1,val,5243,2.660121440887451
gru_s1,val,6917,0.29445287585258484
gru_s1,val,6922,1.3573521375656128
gru_s1,val,6923,1.1105064153671265
gru_s1,val,6924,1.4944418668746948
gru_s1,test,5175,0.5572295784950256
gru_s1,test,5177,1.1945875883102417
gru_s1,test,5179,0.32729336619377136
gru_s1,test,5180,0.6068955659866333
gru_s1,test,5190,0.9732968211174011
gru_s1,test,5195,1.7662240266799927
gru_s1,test,5206,0.6019887924194336
gru_s1,test,5212,0.6225755214691162
gru_s1,test,5216,2.3580596446990967
gru_s1,test,5228,2.4417853355407715
gru_s1,test,5233,3.6031718254089355
gru_s1,test,5234,2.1842167377471924
gru_s1,test,6300,0.29206618666648865
gru_s1,test,6306,0.9046393632888794
gru_s1,test,6883,0.16820350289344788
gru_s2,val,5176,0.25001055002212524
gru_s2,val,5185,0.07832019031047821
gru_s2,val,5199,0.2754332423210144
gru_s2,val,5215,0.15096743404865265
gru_s2,val,5217,0.8117358088493347
gru_s2,val,5221,1.6158004999160767
gru_s2,val,5222,0.0998537614941597
gru_s2,val,5227,1.4651750326156616
gru_s2,val,5232,0.8369035720825195
gru_s2,val,5236,1.380606770515442
gru_s2,val,5243,1.7012394666671753
gru_s2,val,6917,0.12512284517288208
gru_s2,val,6922,0.6691023707389832
gru_s2,val,6923,0.5380337238311768
gru_s2,val,6924,0.8155034780502319
gru_s2,test,5175,0.402668297290802
gru_s2,test,5177,0.9173285961151123
gru_s2,test,5179,0.20363005995750427
gru_s2,test,5180,0.35882100462913513
gru_s2,test,5190,0.7281773686408997
gru_s2,test,5195,1.1158305406570435
gru_s2,test,5206,0.27489838004112244
gru_s2,test,5212,0.4039229452610016
gru_s2,test,5216,1.710917353630066
gru_s2,test,5228,1.874603271484375
gru_s2,test,5233,2.7348227500915527
gru_s2,test,5234,1.6832369565963745
gru_s2,test,6300,0.16952471435070038
gru_s2,test,6306,0.4694390892982483
gru_s2,test,6883,0.2645135521888733
lstm_s0,val,5176,0.35328471660614014
lstm_s0,val,5185,0.11675254255533218
lstm_s0,val,5199,0.2608713209629059
lstm_s0,val,5215,0.15361419320106506
lstm_s0,val,5217,0.9748187065124512
lstm_s0,val,5221,1.8309309482574463
lstm_s0,val,5222,0.06524597853422165
lstm_s0,val,5227,1.5001980066299438
lstm_s0,val,5232,1.0846067667007446
lstm_s0,val,5236,1.6002542972564697
lstm_s0,val,5243,1.847756028175354
lstm_s0,val,6917,0.11848586052656174
lstm_s0,val,6922,0.5945565700531006
lstm_s0,val,6923,0.557607114315033
lstm_s0,val,6924,0.8629341721534729
lstm_s0,test,5175,0.4871906638145447
lstm_s0,test,5177,1.036607265472412
lstm_s0,test,5179,0.27657198905944824
lstm_s0,test,5180,0.45232662558555603
lstm_s0,test,5190,0.8442280888557434
lstm_s0,test,5195,1.1075024604797363
lstm_s0,test,5206,0.3244986832141876
lstm_s0,test,5212,0.4954157769680023
lstm_s0,test,5216,1.8426475524902344
lstm_s0,test,5228,2.046950578689575
lstm_s0,test,5233,2.833173990249634
lstm_s0,test,5234,1.9105923175811768
lstm_s0,test,6300,0.2114153504371643
lstm_s0,test,6306,0.464977502822876
lstm_s0,test,6883,0.20806892216205597
lstm_s1,val,5176,0.5316874384880066
lstm_s1,val,5185,0.19806712865829468
lstm_s1,val,5199,0.3605988323688507
lstm_s1,val,5215,0.2717243731021881
lstm_s1,val,5217,1.3104395866394043
lstm_s1,val,5221,2.256887674331665
lstm_s1,val,5222,0.14024677872657776
lstm_s1,val,5227,1.7271308898925781
lstm_s1,val,5232,1.4223185777664185
lstm_s1,val,5236,1.916707992553711
lstm_s1,val,5243,2.2899386882781982
lstm_s1,val,6917,0.2195187360048294
lstm_s1,val,6922,0.7750791907310486
lstm_s1,val,6923,0.8208174109458923
lstm_s1,val,6924,1.165169596672058
lstm_s1,test,5175,0.6021581292152405
lstm_s1,test,5177,1.2049164772033691
lstm_s1,test,5179,0.37168654799461365
lstm_s1,test,5180,0.6153452396392822
lstm_s1,test,5190,0.9851877093315125
lstm_s1,test,5195,1.28849196434021
lstm_s1,test,5206,0.4550953805446625
lstm_s1,test,5212,0.6213194131851196
lstm_s1,test,5216,2.1518261432647705
lstm_s1,test,5228,2.300633430480957
lstm_s1,test,5233,3.10282826423645
lstm_s1,test,5234,2.215095281600952
lstm_s1,test,6300,0.28621530532836914
lstm_s1,test,6306,0.6108761429786682
lstm_s1,test,6883,0.18888984620571136
lstm_s2,val,5176,0.3833972215652466
lstm_s2,val,5185,0.12170680612325668
lstm_s2,val,5199,0.2369312196969986
lstm_s2,val,5215,0.13512484729290009
lstm_s2,val,5217,1.0392276048660278
lstm_s2,val,5221,1.890098214149475
lstm_s2,val,5222,0.06909727305173874
lstm_s2,val,5227,1.4230647087097168
lstm_s2,val,5232,1.1652761697769165
lstm_s2,val,5236,1.6611565351486206
lstm_s2,val,5243,1.916443943977356
lstm_s2,val,6917,0.08709397166967392
lstm_s2,val,6922,0.5598195791244507
lstm_s2,val,6923,0.5594998598098755
lstm_s2,val,6924,0.9052122831344604
lstm_s2,test,5175,0.43451693654060364
lstm_s2,test,5177,0.9977384805679321
lstm_s2,test,5179,0.26401272416114807
lstm_s2,test,5180,0.4403538405895233
lstm_s2,test,5190,0.8048816323280334
lstm_s2,test,5195,1.0086796283721924
lstm_s2,test,5206,0.3201969265937805
lstm_s2,test,5212,0.45346498489379883
lstm_s2,test,5216,1.8625792264938354
lstm_s2,test,5228,1.9950398206710815
lstm_s2,test,5233,2.704435110092163
lstm_s2,test,5234,1.9218696355819702
lstm_s2,test,6300,0.18087497353553772
lstm_s2,test,6306,0.44674015045166016
lstm_s2,test,6883,0.25802141427993774
transformer_s0,val,5176,0.47175946831703186
transformer_s0,val,5185,0.18931181728839874
transformer_s0,val,5199,0.793127715587616
transformer_s0,val,5215,0.19617928564548492
transformer_s0,val,5217,0.8735616207122803
transformer_s0,val,5221,2.504429340362549
transformer_s0,val,5222,0.06540591269731522
transformer_s0,val,5227,2.3339123725891113
transformer_s0,val,5232,1.3135782480239868
transformer_s0,val,5236,2.1859610080718994
transformer_s0,val,5243,2.931483030319214
transformer_s0,val,6917,0.24177418649196625
transformer_s0,val,6922,1.4163025617599487
transformer_s0,val,6923,1.0402144193649292
transformer_s0,val,6924,1.6096864938735962
transformer_s0,test,5175,0.5918722748756409
transformer_s0,test,5177,1.271200180053711
transformer_s0,test,5179,0.5009493827819824
transformer_s0,test,5180,0.621224582195282
transformer_s0,test,5190,1.064296007156372
transformer_s0,test,5195,2.400902271270752
transformer_s0,test,5206,1.1076838970184326
transformer_s0,test,5212,0.6973811388015747
transformer_s0,test,5216,2.1614797115325928
transformer_s0,test,5228,3.2729976177215576
transformer_s0,test,5233,4.490889072418213
transformer_s0,test,5234,2.033477544784546
transformer_s0,test,6300,0.2682337462902069
transformer_s0,test,6306,1.023678183555603
transformer_s0,test,6883,0.10458721965551376
transformer_s1,val,5176,0.6271443963050842
transformer_s1,val,5185,0.3098938465118408
transformer_s1,val,5199,0.8451362252235413
transformer_s1,val,5215,0.11406244337558746
transformer_s1,val,5217,1.0690836906433105
transformer_s1,val,5221,2.630272626876831
transformer_s1,val,5222,0.06111712381243706
transformer_s1,val,5227,2.2995235919952393
transformer_s1,val,5232,1.5418821573257446
transformer_s1,val,5236,2.592656373977661
transformer_s1,val,5243,3.0565545558929443
transformer_s1,val,6917,0.102081298828125
transformer_s1,val,6922,0.803595244884491
transformer_s1,val,6923,0.9938808083534241
transformer_s1,val,6924,1.6532706022262573
transformer_s1,test,5175,0.8896127939224243
transformer_s1,test,5177,1.6060899496078491
transformer_s1,test,5179,0.7211427688598633
transformer_s1,test,5180,0.7993798851966858
transformer_s1,test,5190,1.304672360420227
transformer_s1,test,5195,2.289945602416992
transformer_s1,test,5206,0.8169782757759094
transformer_s1,test,5212,0.9527616500854492
transformer_s1,test,5216,2.5080087184906006
transformer_s1,test,5228,3.871831178665161
transformer_s1,test,5233,4.950778961181641
transformer_s1,test,5234,2.3742034435272217
transformer_s1,test,6300,0.5539310574531555
transformer_s1,test,6306,1.1359272003173828
transformer_s1,test,6883,0.041177570819854736
transformer_s2,val,5176,0.6900386810302734
transformer_s2,val,5185,0.35901737213134766
transformer_s2,val,5199,0.3615521192550659
transformer_s2,val,5215,0.1632789671421051
transformer_s2,val,5217,1.013276219367981
transformer_s2,val,5221,2.4200475215911865
transformer_s2,val,5222,0.02280263975262642
transformer_s2,val,5227,1.7687777280807495
transformer_s2,val,5232,1.5654264688491821
transformer_s2,val,5236,2.6828231811523438
transformer_s2,val,5243,2.6380457878112793
transformer_s2,val,6917,0.11317750066518784
transformer_s2,val,6922,0.7814265489578247
transformer_s2,val,6923,0.7200141549110413
transformer_s2,val,6924,1.3421599864959717
transformer_s2,test,5175,0.9139713644981384
transformer_s2,test,5177,1.665220022201538
transformer_s2,test,5179,0.804597795009613
transformer_s2,test,5180,0.8258377909660339
transformer_s2,test,5190,1.4318495988845825
transformer_s2,test,5195,1.4125211238861084
transformer_s2,test,5206,1.0952951908111572
transformer_s2,test,5212,0.9660121202468872
transformer_s2,test,5216,2.5223796367645264
transformer_s2,test,5228,3.5323069095611572
transformer_s2,test,5233,3.9320051670074463
transformer_s2,test,5234,2.5699503421783447
transformer_s2,test,6300,0.43504321575164795
transformer_s2,test,6306,0.733521044254303
transformer_s2,test,6883,0.030072839930653572
