n,p,stat,ode_mean,other_mean,mean_diff,rank_biserial,paired_cohens_d,split,ode,vs
15,0.999786376953125,115.0,1.6426775765087869,1.1524656732877097,0.4902119032210772,0.04166666666666663,1.1530312292829392,val,ode_clean,gru_s0
15,0.999969482421875,119.0,2.2689327005296946,1.2123378723859788,1.0565948281437156,0.008333333333333304,2.1048458289199856,test,ode_clean,gru_s0
15,0.998687744140625,109.0,1.6426775765087869,1.1872108618418376,0.4554667146669492,0.09166666666666667,0.9939458378859554,val,ode_clean,gru_s1
15,0.999969482421875,119.0,2.2689327005296946,1.2401489237944285,1.028783776735266,0.008333333333333304,2.049671076344442,test,ode_clean,gru_s1
15,1.0,120.0,1.6426775765087869,0.7209205831090609,0.9217569933997259,0.0,1.615402437473517,val,ode_clean,gru_s2
15,0.999969482421875,119.0,2.2689327005296946,0.8874889920155208,1.3814437085141738,0.008333333333333304,2.0245686911462073,test,ode_clean,gru_s2
15,1.0,120.0,1.6426775765087869,0.7947944814960162,0.8478830950127707,0.0,1.7141214179786275,val,ode_clean,lstm_s0
15,0.999969482421875,119.0,2.2689327005296946,0.9694778511921565,1.2994548493375382,0.008333333333333304,2.06984915833163,test,ode_clean,lstm_s0
15,0.999908447265625,117.0,1.6426775765087869,1.0270888596773147,0.6155887168314721,0.025000000000000022,1.4951690901659205,val,ode_clean,lstm_s1
15,0.999969482421875,119.0,2.2689327005296946,1.1333710183699925,1.1355616821597019,0.008333333333333304,2.0633359918067953,test,ode_clean,lstm_s1
15,1.0,120.0,1.6426775765087869,0.8102100158731143,0.8324675606356726,0.0,1.7422841354317082,val,ode_clean,lstm_s2
15,0.999969482421875,119.0,2.2689327005296946,0.9395603656768798,1.3293723348528146,0.008333333333333304,2.02840968276457,test,ode_clean,lstm_s2
15,0.999786376953125,115.0,1.6426775765087869,1.2111124987403552,0.4315650777684316,0.04166666666666663,1.0561518271886559,val,ode_clean,transformer_s0
15,0.999908447265625,117.0,2.2689327005296946,1.4407235220074655,0.8282091785222292,0.025000000000000022,1.6131294133134615,test,ode_clean,transformer_s0
15,1.0,120.0,1.6426775765087869,1.246676999082168,0.3960005774266188,0.0,1.4273283756159403,val,ode_clean,transformer_s1
15,1.0,120.0,2.2689327005296946,1.6544294277826945,0.614503272747,0.0,1.6763168848581216,test,ode_clean,transformer_s1
15,1.0,120.0,1.6426775765087869,1.109457658479611,0.5332199180291757,0.0,1.7982754083678392,val,ode_clean,transformer_s2
15,1.0,120.0,2.2689327005296946,1.524705610796809,0.7442270897328853,0.0,2.081482050106656,test,ode_clean,transformer_s2
15,0.99969482421875,114.0,1.6128039916356405,1.1524656732877097,0.46033831834793093,0.050000000000000044,1.104342350833283,val,ode_s0,gru_s0
15,0.999969482421875,119.0,2.2444973471264045,1.2123378723859788,1.0321594747404257,0.008333333333333304,2.086153476660234,test,ode_s0,gru_s0
15,0.99786376953125,107.0,1.6128039916356405,1.1872108618418376,0.42559312979380287,0.10833333333333328,0.9448699346504482,val,ode_s0,gru_s1
15,0.999969482421875,119.0,2.2444973471264045,1.2401489237944285,1.004348423331976,0.008333333333333304,2.022383306595512,test,ode_s0,gru_s1
15,1.0,120.0,1.6128039916356405,0.7209205831090609,0.8918834085265795,0.0,1.5914919833327612,val,ode_s0,gru_s2
15,0.999969482421875,119.0,2.2444973471264045,0.8874889920155208,1.3570083551108838,0.008333333333333304,2.0334250034468058,test,ode_s0,gru_s2
15,1.0,120.0,1.6128039916356405,0.7947944814960162,0.8180095101396243,0.0,1.6900664041461633,val,ode_s0,lstm_s0
15,0.999969482421875,119.0,2.2444973471264045,0.9694778511921565,1.275019495934248,0.008333333333333304,2.0869139106949612,test,ode_s0,lstm_s0
15,0.999908447265625,117.0,1.6128039916356405,1.0270888596773147,0.5857151319583257,0.025000000000000022,1.4601397885961818,val,ode_s0,lstm_s1
15,0.999969482421875,119.0,2.2444973471264045,1.1333710183699925,1.111126328756412,0.008333333333333304,2.0812563778487445,test,ode_s0,lstm_s1
15,1.0,120.0,1.6128039916356405,0.8102100158731143,0.8025939757625262,0.0,1.718545039345053,val,ode_s0,lstm_s2
15,0.999969482421875,119.0,2.2444973471264045,0.9395603656768798,1.3049369814495246,0.008333333333333304,2.0481320859017638,test,ode_s0,lstm_s2
15,0.999420166015625,112.0,1.6128039916356405,1.2111124987403552,0.4016914928952853,0.06666666666666665,0.9769519735238169,val,ode_s0,transformer_s0
15,0.999908447265625,117.0,2.2444973471264045,1.4407235220074655,0.8037738251189391,0.025000000000000022,1.5344123274144097,test,ode_s0,transformer_s0
15,1.0,120.0,1.6128039916356405,1.246676999082168,0.36612699255347253,0.0,1.2959311110709542,val,ode_s0,transformer_s1
15,0.99993896484375,118.0,2.2444973471264045,1.6544294277826945,0.59006791934371,0.01666666666666672,1.545285570670143,test,ode_s0,transformer_s1
15,1.0,120.0,1.6128039916356405,1.109457658479611,0.5033463331560294,0.0,1.7177894553392004,val,ode_s0,transformer_s2
15,1.0,120.0,2.2444973471264045,1.524705610796809,0.7197917363295953,0.0,2.158615346530837,test,ode_s0,transformer_s2
15,0.999420166015625,112.0,1.5799786840875945,1.1524656732877097,0.4275130107998848,0.06666666666666665,1.0558477468768188,val,ode_s1,gru_s0
15,0.999969482421875,119.0,2.1696263158073026,1.2123378723859788,0.9572884434213241,0.008333333333333304,1.9280064956549123,test,ode_s1,gru_s0
15,0.998321533203125,108.0,1.5799786840875945,1.1872108618418376,0.3927678222457568,0.09999999999999998,0.8987133364321732,val,ode_s1,gru_s1
15,0.999969482421875,119.0,2.1696263158073026,1.2401489237944285,0.9294773920128743,0.008333333333333304,1.8812068154690047,test,ode_s1,gru_s1
15,1.0,120.0,1.5799786840875945,0.7209205831090609,0.8590581009785334,0.0,1.553700659683143,val,ode_s1,gru_s2
15,0.999969482421875,119.0,2.1696263158073026,0.8874889920155208,1.2821373237917821,0.008333333333333304,1.869607122449168,test,ode_s1,gru_s2
15,1.0,120.0,1.5799786840875945,0.7947944814960162,0.7851842025915782,0.0,1.6472979811807544,val,ode_s1,lstm_s0
15,0.999969482421875,119.0,2.1696263158073026,0.9694778511921565,1.2001484646151463,0.008333333333333304,1.889094267241815,test,ode_s1,lstm_s0
15,0.999908447265625,117.0,1.5799786840875945,1.0270888596773147,0.5528898244102796,0.025000000000000022,1.414989740332376,val,ode_s1,lstm_s1
15,0.999969482421875,119.0,2.1696263158073026,1.1333710183699925,1.0362552974373103,0.008333333333333304,1.8526227829691584,test,ode_s1,lstm_s1
15,1.0,120.0,1.5799786840875945,0.8102100158731143,0.7697686682144801,0.0,1.6771764612206599,val,ode_s1,lstm_s2
15,0.999969482421875,119.0,2.1696263158073026,0.9395603656768798,1.230065950130423,0.008333333333333304,1.8515008019981336,test,ode_s1,lstm_s2
15,0.999237060546875,111.0,1.5799786840875945,1.2111124987403552,0.3688661853472392,0.07499999999999996,0.9849487850154677,val,ode_s1,transformer_s0
15,0.99969482421875,114.0,2.1696263158073026,1.4407235220074655,0.7289027937998375,0.050000000000000044,1.5324121195993337,test,ode_s1,transformer_s0
15,1.0,120.0,1.5799786840875945,1.246676999082168,0.3333016850054264,0.0,1.546831828853176,val,ode_s1,transformer_s1
15,0.999969482421875,119.0,2.1696263158073026,1.6544294277826945,0.5151968880246083,0.008333333333333304,1.635757187002944,test,ode_s1,transformer_s1
15,1.0,120.0,1.5799786840875945,1.109457658479611,0.47052102560798326,0.0,1.7684736894275102,val,ode_s1,transformer_s2
15,0.999908447265625,117.0,2.1696263158073026,1.524705610796809,0.6449207050104936,0.025000000000000022,1.7659822841075186,test,ode_s1,transformer_s2
15,0.999908447265625,117.0,1.735250053803126,1.1524656732877097,0.5827843805154165,0.025000000000000022,1.2537523573859177,val,ode_s2,gru_s0
15,0.999969482421875,119.0,2.3926744386553764,1.2123378723859788,1.1803365662693976,0.008333333333333304,2.254379436378921,test,ode_s2,gru_s0
15,0.999786376953125,115.0,1.735250053803126,1.1872108618418376,0.5480391919612885,0.04166666666666663,1.101408430668699,val,ode_s2,gru_s1
15,0.999969482421875,119.0,2.3926744386553764,1.2401489237944285,1.152525514860948,0.008333333333333304,2.1996288023277963,test,ode_s2,gru_s1
15,1.0,120.0,1.735250053803126,0.7209205831090609,1.014329470694065,0.0,1.6708992627313024,val,ode_s2,gru_s2
15,0.999969482421875,119.0,2.3926744386553764,0.8874889920155208,1.5051854466398558,0.008333333333333304,2.148930719514274,test,ode_s2,gru_s2
15,1.0,120.0,1.735250053803126,0.7947944814960162,0.9404555723071099,0.0,1.7644987989424206,val,ode_s2,lstm_s0
15,0.999969482421875,119.0,2.3926744386553764,0.9694778511921565,1.42319658746322,0.008333333333333304,2.2091782190386158,test,ode_s2,lstm_s0
15,0.999969482421875,119.0,1.735250053803126,1.0270888596773147,0.7081611941258112,0.008333333333333304,1.5585157658320172,val,ode_s2,lstm_s1
15,0.999969482421875,119.0,2.3926744386553764,1.1333710183699925,1.259303420285384,0.008333333333333304,2.225208927300368,test,ode_s2,lstm_s1
15,1.0,120.0,1.735250053803126,0.8102100158731143,0.9250400379300118,0.0,1.788070769478747,val,ode_s2,lstm_s2
15,0.999969482421875,119.0,2.3926744386553764,0.9395603656768798,1.4531140729784966,0.008333333333333304,2.164408978674731,test,ode_s2,lstm_s2
15,0.999969482421875,119.0,1.735250053803126,1.2111124987403552,0.5241375550627708,0.008333333333333304,1.1629915662034906,val,ode_s2,transformer_s0
15,0.999969482421875,119.0,2.3926744386553764,1.4407235220074655,0.9519509166479111,0.008333333333333304,1.7390600857819611,test,ode_s2,transformer_s0
15,1.0,120.0,1.735250053803126,1.246676999082168,0.4885730547209581,0.0,1.4333388108543827,val,ode_s2,transformer_s1
15,1.0,120.0,2.3926744386553764,1.6544294277826945,0.7382450108726819,0.0,1.8031272957228097,test,ode_s2,transformer_s1
15,1.0,120.0,1.735250053803126,1.109457658479611,0.6257923953235149,0.0,1.816895154530697,val,ode_s2,transformer_s2
15,1.0,120.0,2.3926744386553764,1.524705610796809,0.8679688278585672,0.0,2.252667835919148,test,ode_s2,transformer_s2
