model,split,n,mean,std,median
gru_s0,test,15,1.2123378723859788,0.996324642691265,0.8506667613983154
gru_s0,val,15,1.1524656732877097,0.8297434034234956,1.2102348804473877
gru_s1,test,15,1.2401489237944285,1.006005904366143,0.9046393632888794
gru_s1,val,15,1.1872108618418376,0.8300766706809972,1.1665570735931396
gru_s2,test,15,0.8874889920155208,0.7767303425981255,0.4694390892982483
gru_s2,val,15,0.7209205831090609,0.5804191756386562,0.6691023707389832
lstm_s0,test,15,0.9694778511921565,0.8172907309032262,0.4954157769680023
lstm_s0,val,15,0.7947944814960162,0.6484351839243222,0.5945565700531006
lstm_s1,test,15,1.1333710183699925,0.8958417949038818,0.6213194131851196
lstm_s1,val,15,1.0270888596773147,0.7623476682462175,0.8208174109458923
lstm_s2,test,15,0.9395603656768798,0.7989066924422562,0.45346498489379883
lstm_s2,val,15,0.8102100158731143,0.6716424216848346,0.5598195791244507
transformer_s0,test,15,1.4407235220074655,1.2217276734559959,1.064296007156372
transformer_s0,val,15,1.2111124987403552,0.9352518052387513,1.0402144193649292
transformer_s1,test,15,1.6544294277826945,1.3368746495525712,1.1359272003173828
transformer_s1,val,15,1.246676999082168,1.0026912649777802,0.9938808083534241
transformer_s2,test,15,1.524705610796809,1.130049298878953,1.0952951908111572
transformer_s2,val,15,1.109457658479611,0.9204840313152958,0.7814265489578247
