model,split,full_mean,full_median,post_context_mean,post_context_median,delta_full_minus_post_mean,delta_full_minus_post_median,n
ode_leaked,train,0.38353505272950444,0.19450993090867996,0.3950657465628215,0.20020006597042084,-0.011530693833317075,-0.006628461182117462,70
ode_leaked,val,0.22155372550090155,0.1719549000263214,0.23893959571917853,0.18430007994174957,-0.017385870218276978,-0.012345179915428162,15
ode_leaked,test,0.2152117316921552,0.14921151101589203,0.22598562141259512,0.1563764065504074,-0.010773889720439911,-0.007164895534515381,15
ode_s0,train,0.5311874529612916,0.23718491196632385,0.547598608476775,0.24818557500839233,-0.016411155515483448,-0.00910063087940216,70
ode_s0,val,0.1465223843852679,0.1035602018237114,0.15742653533816336,0.11135751754045486,-0.010904150952895483,-0.007797315716743469,15
ode_s0,test,0.2400283584992091,0.21642471849918365,0.2528915755450726,0.22719129920005798,-0.012863217045863469,-0.010766580700874329,15
ode_s1,train,0.3991471551624792,0.16388440877199173,0.4112239710720522,0.16980811953544617,-0.01207681590957301,-0.006103500723838806,70
ode_s1,val,0.1414432557920615,0.10107281059026718,0.15270138184229534,0.10597013682126999,-0.011258126050233842,-0.0066428035497665405,15
ode_s1,test,0.1815503070751826,0.12315788120031357,0.19097005166113376,0.1291203796863556,-0.009419744585951169,-0.005962498486042023,15
ode_s2,train,0.6072110011109284,0.2949514240026474,0.6262023624032735,0.3069944977760315,-0.018991361292345185,-0.011335507035255432,70
ode_s2,val,0.1675880428403616,0.1150846928358078,0.17960652224719525,0.12308105081319809,-0.012018479406833649,-0.008540518581867218,15
ode_s2,test,0.2861671765645345,0.16723626852035522,0.3015982141097387,0.17511288821697235,-0.015431037545204163,-0.007876619696617126,15
ode_s3,train,0.43551307025232483,0.17887820303440094,0.44879770510430844,0.18482021242380142,-0.013284634851983616,-0.006795957684516907,70
ode_s3,val,0.13485499968131384,0.11177361756563187,0.1453458059579134,0.11956210434436798,-0.010490806276599566,-0.0077884867787361145,15
ode_s3,test,0.19441534131765364,0.14584478735923767,0.20467092369993528,0.1529705822467804,-0.01025558238228162,-0.007125794887542725,15
ode_s4,train,0.6645008421369961,0.3447525054216385,0.6853097464889288,0.3589182496070862,-0.020808904351932663,-0.012855380773544312,70
ode_s4,val,0.18866253569722174,0.14150898158550262,0.2019110582768917,0.14914320409297943,-0.013248522579669953,-0.009780436754226685,15
ode_s4,test,0.3250591630736987,0.18395666778087616,0.34245383044083916,0.1931258738040924,-0.017394667367140453,-0.009169206023216248,15
