model,split,track_id,n_frames,size_mse,nls_ok
ode,train,5145,171,0.5537886023521423,
ode,train,5146,146,2.069270610809326,
ode,train,5147,82,0.2133338898420334,
ode,train,5148,163,0.3092571794986725,
ode,train,5149,198,1.1288111209869385,
ode,train,5150,132,0.19649358093738556,
ode,train,5151,92,0.16187144815921783,
ode,train,5152,89,0.2944086194038391,
ode,train,5153,145,0.6476479172706604,
ode,train,5154,162,0.29065829515457153,
ode,train,5155,77,0.1925262063741684,
ode,train,5156,72,0.12159856408834457,
ode,train,5157,78,0.3243562877178192,
ode,train,5158,77,0.3095923364162445,
ode,train,5159,83,0.3117236793041229,
ode,train,5160,66,0.2822674810886383,
ode,train,5161,86,0.1317000389099121,
ode,train,5162,77,0.13719354569911957,
ode,train,5163,83,0.16476543247699738,
ode,train,5164,86,0.10478296875953674,
ode,train,5165,77,0.12792466580867767,
ode,train,5166,68,0.15434318780899048,
ode,train,5167,214,0.547752320766449,
ode,train,5168,105,0.27810248732566833,
ode,train,5169,154,1.372255802154541,
ode,train,5170,157,0.6280463933944702,
ode,train,5171,77,0.11914411932229996,
ode,train,5172,66,0.08052554726600647,
ode,train,5173,93,0.275981068611145,
ode,train,5174,78,0.1740998476743698,
ode,train,5178,92,0.2028372436761856,
ode,train,5181,72,0.18619513511657715,
ode,train,5182,138,1.4565331935882568,
ode,train,5183,72,0.16646941006183624,
ode,train,5184,153,0.8547401428222656,
ode,train,5186,68,0.11094305664300919,
ode,train,5187,66,0.13541945815086365,
ode,train,5188,79,0.1291295886039734,
ode,train,5189,75,0.16473239660263062,
ode,train,5191,78,0.11770911514759064,
ode,train,5192,85,0.0721956193447113,
ode,train,5193,77,0.3511129319667816,
ode,train,5194,91,0.3839171826839447,
ode,train,5196,86,0.7812460660934448,
ode,train,5197,86,0.10174471884965897,
ode,train,5198,85,0.3954204320907593,
ode,train,5200,84,0.10212260484695435,
ode,train,5201,70,0.14005184173583984,
ode,train,5202,73,0.12086263298988342,
ode,train,5203,68,0.1313840001821518,
ode,train,5204,75,0.1733199656009674,
ode,train,5205,71,0.10775347054004669,
ode,train,5207,70,0.13984988629817963,
ode,train,5208,180,0.9225471019744873,
ode,train,5209,150,1.4489127397537231,
ode,train,5210,70,0.10842493176460266,
ode,train,5211,66,0.0952286496758461,
ode,train,5220,70,0.7915645241737366,
ode,train,5229,69,0.5149100422859192,
ode,train,5230,66,0.7156865000724792,
ode,train,5231,70,0.26460811495780945,
ode,train,5235,70,0.6925442218780518,
ode,train,5242,65,1.3125814199447632,
ode,train,5253,65,0.687759518623352,
ode,train,6301,68,0.08409028500318527,
ode,train,6302,67,0.13057246804237366,
ode,train,6303,71,0.15083396434783936,
ode,train,6304,89,0.08510196208953857,
ode,train,6305,71,0.12447794526815414,
ode,train,6916,87,0.48769572377204895,
ode,val,5176,43,0.1242394745349884,
ode,val,5185,53,0.1329851895570755,
ode,val,5199,52,0.2453877478837967,
ode,val,5215,40,0.27773576974868774,
ode,val,5217,42,0.08727627992630005,
ode,val,5221,41,0.1719549000263214,
ode,val,5222,29,0.5950172543525696,
ode,val,5227,51,0.2138110101222992,
ode,val,5232,46,0.08509228378534317,
ode,val,5236,48,0.21106329560279846,
ode,val,5243,46,0.14731767773628235,
ode,val,6917,29,0.463835209608078,
ode,val,6922,52,0.3046041429042816,
ode,val,6923,41,0.14547386765480042,
ode,val,6924,46,0.1175113394856453,
ode,test,5175,61,0.11695419996976852,
ode,test,5177,60,0.14446599781513214,
ode,test,5179,62,0.12099215388298035,
ode,test,5180,58,0.05625336989760399,
ode,test,5190,53,0.17531158030033112,
ode,test,5195,63,0.149211585521698,
ode,test,5206,55,0.11803321540355682,
ode,test,5212,63,0.07674802094697952,
ode,test,5216,53,0.2771962583065033,
ode,test,5228,58,0.34124428033828735,
ode,test,5233,64,0.43285542726516724,
ode,test,5234,53,0.26067468523979187,
ode,test,6300,61,0.13133195042610168,
ode,test,6306,54,0.1585742086172104,
ode,test,6883,65,0.668329119682312,
nls_insample,train,5253,65,0.050046224209534584,True
nls_insample,train,5242,65,0.057517946828336476,True
nls_insample,train,5230,66,0.05821843274828937,True
nls_insample,train,5211,66,0.010564704396208432,True
nls_insample,train,5187,66,0.010001423022615585,True
nls_insample,train,5172,66,0.015535389910669509,True
nls_insample,train,5160,66,0.01786697316984584,True
nls_insample,train,6302,67,0.007129992545364498,True
nls_insample,train,5166,68,0.03023176076657536,True
nls_insample,train,5203,68,0.01706431871288533,True
nls_insample,train,5186,68,0.013343733117003487,True
nls_insample,train,6301,68,0.010758026641924849,True
nls_insample,train,5229,69,0.027081143774793762,True
nls_insample,train,5235,70,0.1171090569765599,True
nls_insample,train,5231,70,0.048717543948026215,True
nls_insample,train,5220,70,0.04253300473356759,True
nls_insample,train,5210,70,0.008436492693794968,True
nls_insample,train,5207,70,0.0041606502740304495,True
nls_insample,train,5201,70,0.017044326421185634,True
nls_insample,train,6305,71,0.015521809612501295,True
nls_insample,train,6303,71,0.004504899299167951,True
nls_insample,train,5205,71,0.010118801396234854,True
nls_insample,train,5156,72,0.006407180130113117,True
nls_insample,train,5183,72,0.017468904497101874,True
nls_insample,train,5181,72,0.010741285066697734,True
nls_insample,train,5202,73,0.0032393248734026024,True
nls_insample,train,5204,75,0.02236728443212379,True
nls_insample,train,5189,75,0.01414019014719857,True
nls_insample,train,5158,77,0.01574577285611991,True
nls_insample,train,5162,77,0.02331745328972197,True
nls_insample,train,5155,77,0.013183489342240055,True
nls_insample,train,5171,77,0.025606352543934847,True
nls_insample,train,5193,77,0.03931392303756014,True
nls_insample,train,5165,77,0.017118681109640887,True
nls_insample,train,5191,78,0.04459704641517005,True
nls_insample,train,5157,78,0.06549069077579245,True
nls_insample,train,5174,78,0.006989374984838916,True
nls_insample,train,5188,79,0.012179440192596168,True
nls_insample,train,5147,82,0.01340745467349329,True
nls_insample,train,5163,83,0.021714029839063113,True
nls_insample,train,5159,83,0.04772644938202121,True
nls_insample,train,5200,84,0.017490186157093253,True
nls_insample,train,5198,85,0.00553556768357901,True
nls_insample,train,5192,85,0.012235200551454082,True
nls_insample,train,5161,86,0.016765306707037762,True
nls_insample,train,5164,86,0.012966925006515903,True
nls_insample,train,5197,86,0.003232718726907556,True
nls_insample,train,5196,86,0.07349965701120992,True
nls_insample,train,6916,87,0.005384719052225658,True
nls_insample,train,6304,89,0.011581742165294385,True
nls_insample,train,5152,89,0.034200733219758195,True
nls_insample,train,5194,91,0.04814570607925273,True
nls_insample,train,5178,92,0.007818233394590968,True
nls_insample,train,5151,92,0.028047392332872085,True
nls_insample,train,5173,93,0.03180718803821542,True
nls_insample,train,5168,105,0.0248131695297572,True
nls_insample,train,5150,132,0.01362435241298665,True
nls_insample,train,5182,138,0.04185543867388325,True
nls_insample,train,5153,145,0.052682795025997,True
nls_insample,train,5146,146,0.0418869288505834,True
nls_insample,train,5209,150,0.0324269685231427,True
nls_insample,train,5184,153,0.05022430978650434,True
nls_insample,train,5169,154,0.027692438789036825,True
nls_insample,train,5170,157,0.03837691230843431,True
nls_insample,train,5154,162,0.02898506795568297,True
nls_insample,train,5148,163,0.011211801022874265,True
nls_insample,train,5145,171,0.04105688972082474,True
nls_insample,train,5208,180,0.05838631686867895,True
nls_insample,train,5149,198,0.11071552157478168,True
nls_insample,train,5167,214,0.03153133041259288,True
nls_insample,val,6917,29,0.002072249729046553,True
nls_insample,val,5222,29,0.0015824440790358583,True
nls_insample,val,5215,40,0.00966983622921367,True
nls_insample,val,6923,41,0.00839433007107814,True
nls_insample,val,5221,41,0.017537855766018663,True
nls_insample,val,5217,42,0.010205269516567186,True
nls_insample,val,5176,43,0.006670219153246084,True
nls_insample,val,6924,46,0.01289950549456386,True
nls_insample,val,5243,46,0.01813120618165164,True
nls_insample,val,5232,46,0.03059726414187237,True
nls_insample,val,5236,48,0.016846580100048983,True
nls_insample,val,5227,51,0.013180388491917733,True
nls_insample,val,6922,52,0.015807840040909776,True
nls_insample,val,5199,52,0.00909248752707558,True
nls_insample,val,5185,53,0.006772238797250037,True
nls_insample,test,5216,53,0.03410551489473883,True
nls_insample,test,5190,53,0.027881611147980732,True
nls_insample,test,5234,53,0.02723213970334385,True
nls_insample,test,6306,54,0.01707314382787524,True
nls_insample,test,5206,55,0.006860229603387391,True
nls_insample,test,5228,58,0.03269308617589183,True
nls_insample,test,5180,58,0.00926544645268217,True
nls_insample,test,5177,60,0.014526937769506277,True
nls_insample,test,5175,61,0.012854722832528505,True
nls_insample,test,6300,61,0.008637677938570005,True
nls_insample,test,5179,62,0.009682518621063561,True
nls_insample,test,5195,63,0.028075668064011145,True
nls_insample,test,5212,63,0.005338015913321576,True
nls_insample,test,5233,64,0.021144564980953292,True
nls_insample,test,6883,65,0.002198226095013375,True
gru_s0,train,5145,171,1.0526312589645386,
gru_s0,train,5146,146,3.1546740531921387,
gru_s0,train,5147,82,0.39282312989234924,
gru_s0,train,5148,163,0.7007747888565063,
gru_s0,train,5149,198,1.8444933891296387,
gru_s0,train,5150,132,0.3855573534965515,
gru_s0,train,5151,92,0.3786903917789459,
gru_s0,train,5152,89,0.6582828164100647,
gru_s0,train,5153,145,1.2508221864700317,
gru_s0,train,5154,162,0.6731997728347778,
gru_s0,train,5155,77,0.49500590562820435,
gru_s0,train,5156,72,0.17433780431747437,
gru_s0,train,5157,78,0.7272709608078003,
gru_s0,train,5158,77,0.6964529752731323,
gru_s0,train,5159,83,0.593904972076416,
gru_s0,train,5160,66,0.5605315566062927,
gru_s0,train,5161,86,0.359810471534729,
gru_s0,train,5162,77,0.37190568447113037,
gru_s0,train,5163,83,0.4263822138309479,
gru_s0,train,5164,86,0.19871023297309875,
gru_s0,train,5165,77,0.27428871393203735,
gru_s0,train,5166,68,0.4129974842071533,
gru_s0,train,5167,214,1.0435242652893066,
gru_s0,train,5168,105,0.6192863583564758,
gru_s0,train,5169,154,2.1923587322235107,
gru_s0,train,5170,157,1.1744405031204224,
gru_s0,train,5171,77,0.25055763125419617,
gru_s0,train,5172,66,0.26706570386886597,
gru_s0,train,5173,93,0.6050979495048523,
gru_s0,train,5174,78,0.17929942905902863,
gru_s0,train,5178,92,0.17830012738704681,
gru_s0,train,5181,72,0.2054300159215927,
gru_s0,train,5182,138,2.3781065940856934,
gru_s0,train,5183,72,0.2335256189107895,
gru_s0,train,5184,153,1.4398400783538818,
gru_s0,train,5186,68,0.23952439427375793,
gru_s0,train,5187,66,0.1973545253276825,
gru_s0,train,5188,79,0.21274882555007935,
gru_s0,train,5189,75,0.21837344765663147,
gru_s0,train,5191,78,0.25214844942092896,
gru_s0,train,5192,85,0.2054787576198578,
gru_s0,train,5193,77,0.7740178108215332,
gru_s0,train,5194,91,0.826959490776062,
gru_s0,train,5196,86,1.4843943119049072,
gru_s0,train,5197,86,0.13605356216430664,
gru_s0,train,5198,85,0.23158855736255646,
gru_s0,train,5200,84,0.228315070271492,
gru_s0,train,5201,70,0.2957872450351715,
gru_s0,train,5202,73,0.1789369285106659,
gru_s0,train,5203,68,0.3323810398578644,
gru_s0,train,5204,75,0.1986449509859085,
gru_s0,train,5205,71,0.21551287174224854,
gru_s0,train,5207,70,0.1942172795534134,
gru_s0,train,5208,180,1.571826696395874,
gru_s0,train,5209,150,2.233607769012451,
gru_s0,train,5210,70,0.1351165473461151,
gru_s0,train,5211,66,0.13793909549713135,
gru_s0,train,5220,70,1.5548336505889893,
gru_s0,train,5229,69,1.0500415563583374,
gru_s0,train,5230,66,1.2389545440673828,
gru_s0,train,5231,70,0.5724945664405823,
gru_s0,train,5235,70,1.306409478187561,
gru_s0,train,5242,65,2.1808829307556152,
gru_s0,train,5253,65,1.2929966449737549,
gru_s0,train,6301,68,0.23858457803726196,
gru_s0,train,6302,67,0.33765625953674316,
gru_s0,train,6303,71,0.14341899752616882,
gru_s0,train,6304,89,0.34900736808776855,
gru_s0,train,6305,71,0.31930702924728394,
gru_s0,train,6916,87,0.2058829814195633,
gru_s0,val,5176,43,0.11226749420166016,
gru_s0,val,5185,53,0.08049550652503967,
gru_s0,val,5199,52,0.12634311616420746,
gru_s0,val,5215,40,0.047218386083841324,
gru_s0,val,5217,42,0.1979372799396515,
gru_s0,val,5221,41,0.3901970088481903,
gru_s0,val,5222,29,0.06301433593034744,
gru_s0,val,5227,51,0.5643346309661865,
gru_s0,val,5232,46,0.2395932376384735,
gru_s0,val,5236,48,0.5237929821014404,
gru_s0,val,5243,46,0.41609591245651245,
gru_s0,val,6917,29,0.04546932131052017,
gru_s0,val,6922,52,0.2383546531200409,
gru_s0,val,6923,41,0.07910478115081787,
gru_s0,val,6924,46,0.17683909833431244,
gru_s0,test,5175,61,0.21659712493419647,
gru_s0,test,5177,60,0.37418004870414734,
gru_s0,test,5179,62,0.17868976294994354,
gru_s0,test,5180,58,0.1102214828133583,
gru_s0,test,5190,53,0.33770689368247986,
gru_s0,test,5195,63,0.35328590869903564,
gru_s0,test,5206,55,0.11807923018932343,
gru_s0,test,5212,63,0.16841274499893188,
gru_s0,test,5216,53,0.5878809094429016,
gru_s0,test,5228,58,0.7566534876823425,
gru_s0,test,5233,64,1.0111196041107178,
gru_s0,test,5234,53,0.595547080039978,
gru_s0,test,6300,61,0.12788060307502747,
gru_s0,test,6306,54,0.16735225915908813,
gru_s0,test,6883,65,0.30029550194740295,
gru_s1,train,5145,171,1.054539442062378,
gru_s1,train,5146,146,3.181933641433716,
gru_s1,train,5147,82,0.39091095328330994,
gru_s1,train,5148,163,0.7035241723060608,
gru_s1,train,5149,198,1.8602923154830933,
gru_s1,train,5150,132,0.3823401629924774,
gru_s1,train,5151,92,0.378996342420578,
gru_s1,train,5152,89,0.661527156829834,
gru_s1,train,5153,145,1.264736533164978,
gru_s1,train,5154,162,0.6759281158447266,
gru_s1,train,5155,77,0.4992879033088684,
gru_s1,train,5156,72,0.1674482375383377,
gru_s1,train,5157,78,0.7400977611541748,
gru_s1,train,5158,77,0.7024264931678772,
gru_s1,train,5159,83,0.5945610404014587,
gru_s1,train,5160,66,0.5616840720176697,
gru_s1,train,5161,86,0.3585188686847687,
gru_s1,train,5162,77,0.37514957785606384,
gru_s1,train,5163,83,0.4231022000312805,
gru_s1,train,5164,86,0.19693635404109955,
gru_s1,train,5165,77,0.26980364322662354,
gru_s1,train,5166,68,0.41780325770378113,
gru_s1,train,5167,214,1.0466816425323486,
gru_s1,train,5168,105,0.617867648601532,
gru_s1,train,5169,154,2.212446689605713,
gru_s1,train,5170,157,1.1862291097640991,
gru_s1,train,5171,77,0.24725739657878876,
gru_s1,train,5172,66,0.2723710238933563,
gru_s1,train,5173,93,0.6077433228492737,
gru_s1,train,5174,78,0.17130929231643677,
gru_s1,train,5178,92,0.16662846505641937,
gru_s1,train,5181,72,0.1942303478717804,
gru_s1,train,5182,138,2.3990819454193115,
gru_s1,train,5183,72,0.22651885449886322,
gru_s1,train,5184,153,1.4538016319274902,
gru_s1,train,5186,68,0.24099859595298767,
gru_s1,train,5187,66,0.19021444022655487,
gru_s1,train,5188,79,0.21019181609153748,
gru_s1,train,5189,75,0.2105700671672821,
gru_s1,train,5191,78,0.2513905465602875,
gru_s1,train,5192,85,0.20651930570602417,
gru_s1,train,5193,77,0.7838793992996216,
gru_s1,train,5194,91,0.8413891792297363,
gru_s1,train,5196,86,1.51353919506073,
gru_s1,train,5197,86,0.1493697464466095,
gru_s1,train,5198,85,0.23576787114143372,
gru_s1,train,5200,84,0.22982670366764069,
gru_s1,train,5201,70,0.31080716848373413,
gru_s1,train,5202,73,0.18005713820457458,
gru_s1,train,5203,68,0.33939626812934875,
gru_s1,train,5204,75,0.19928692281246185,
gru_s1,train,5205,71,0.2275756448507309,
gru_s1,train,5207,70,0.20935635268688202,
gru_s1,train,5208,180,1.5854476690292358,
gru_s1,train,5209,150,2.2600295543670654,
gru_s1,train,5210,70,0.15005844831466675,
gru_s1,train,5211,66,0.13544286787509918,
gru_s1,train,5220,70,1.5905221700668335,
gru_s1,train,5229,69,1.0721720457077026,
gru_s1,train,5230,66,1.2592275142669678,
gru_s1,train,5231,70,0.5832223296165466,
gru_s1,train,5235,70,1.333422064781189,
gru_s1,train,5242,65,2.2219669818878174,
gru_s1,train,5253,65,1.3296631574630737,
gru_s1,train,6301,68,0.24348144233226776,
gru_s1,train,6302,67,0.34765535593032837,
gru_s1,train,6303,71,0.15003572404384613,
gru_s1,train,6304,89,0.35958683490753174,
gru_s1,train,6305,71,0.3309503495693207,
gru_s1,train,6916,87,0.20191529393196106,
gru_s1,val,5176,43,0.11688033491373062,
gru_s1,val,5185,53,0.07728718221187592,
gru_s1,val,5199,52,0.15482443571090698,
gru_s1,val,5215,40,0.07305005192756653,
gru_s1,val,5217,42,0.22836051881313324,
gru_s1,val,5221,41,0.42240428924560547,
gru_s1,val,5222,29,0.10132117569446564,
gru_s1,val,5227,51,0.6316831707954407,
gru_s1,val,5232,46,0.2420622557401657,
gru_s1,val,5236,48,0.5347726941108704,
gru_s1,val,5243,46,0.45427533984184265,
gru_s1,val,6917,29,0.08440548181533813,
gru_s1,val,6922,52,0.28307387232780457,
gru_s1,val,6923,41,0.11950806528329849,
gru_s1,val,6924,46,0.2105976790189743,
gru_s1,test,5175,61,0.2177743762731552,
gru_s1,test,5177,60,0.38493356108665466,
gru_s1,test,5179,62,0.17037145793437958,
gru_s1,test,5180,58,0.11596380174160004,
gru_s1,test,5190,53,0.3445286452770233,
gru_s1,test,5195,63,0.39362967014312744,
gru_s1,test,5206,55,0.1362353265285492,
gru_s1,test,5212,63,0.1747952252626419,
gru_s1,test,5216,53,0.619507908821106,
gru_s1,test,5228,58,0.7798826694488525,
gru_s1,test,5233,64,1.051754355430603,
gru_s1,test,5234,53,0.6138767004013062,
gru_s1,test,6300,61,0.12621235847473145,
gru_s1,test,6306,54,0.20100612938404083,
gru_s1,test,6883,65,0.2897404432296753,
gru_s2,train,5145,171,1.0363880395889282,
gru_s2,train,5146,146,3.1820058822631836,
gru_s2,train,5147,82,0.37257128953933716,
gru_s2,train,5148,163,0.6880026459693909,
gru_s2,train,5149,198,1.8564631938934326,
gru_s2,train,5150,132,0.3633311688899994,
gru_s2,train,5151,92,0.36536747217178345,
gru_s2,train,5152,89,0.6482648849487305,
gru_s2,train,5153,145,1.257214903831482,
gru_s2,train,5154,162,0.6623289585113525,
gru_s2,train,5155,77,0.48962661623954773,
gru_s2,train,5156,72,0.14632374048233032,
gru_s2,train,5157,78,0.7478976845741272,
gru_s2,train,5158,77,0.6959457993507385,
gru_s2,train,5159,83,0.5824469923973083,
gru_s2,train,5160,66,0.5548917055130005,
gru_s2,train,5161,86,0.3426358997821808,
gru_s2,train,5162,77,0.36626219749450684,
gru_s2,train,5163,83,0.4027400612831116,
gru_s2,train,5164,86,0.1817324459552765,
gru_s2,train,5165,77,0.2503255307674408,
gru_s2,train,5166,68,0.4157249331474304,
gru_s2,train,5167,214,1.0359066724777222,
gru_s2,train,5168,105,0.5970778465270996,
gru_s2,train,5169,154,2.208622932434082,
gru_s2,train,5170,157,1.1802518367767334,
gru_s2,train,5171,77,0.23220594227313995,
gru_s2,train,5172,66,0.27235016226768494,
gru_s2,train,5173,93,0.5964632630348206,
gru_s2,train,5174,78,0.14547623693943024,
gru_s2,train,5178,92,0.13879409432411194,
gru_s2,train,5181,72,0.16439032554626465,
gru_s2,train,5182,138,2.3927652835845947,
gru_s2,train,5183,72,0.20273585617542267,
gru_s2,train,5184,153,1.4452952146530151,
gru_s2,train,5186,68,0.23070771992206573,
gru_s2,train,5187,66,0.16885018348693848,
gru_s2,train,5188,79,0.19588932394981384,
gru_s2,train,5189,75,0.1860242635011673,
gru_s2,train,5191,78,0.2366533726453781,
gru_s2,train,5192,85,0.19359169900417328,
gru_s2,train,5193,77,0.7861195802688599,
gru_s2,train,5194,91,0.8368489146232605,
gru_s2,train,5196,86,1.5290666818618774,
gru_s2,train,5197,86,0.13462917506694794,
gru_s2,train,5198,85,0.20361118018627167,
gru_s2,train,5200,84,0.2150135338306427,
gru_s2,train,5201,70,0.3039453327655792,
gru_s2,train,5202,73,0.16444484889507294,
gru_s2,train,5203,68,0.3382737934589386,
gru_s2,train,5204,75,0.18014545738697052,
gru_s2,train,5205,71,0.22335590422153473,
gru_s2,train,5207,70,0.19638179242610931,
gru_s2,train,5208,180,1.574629783630371,
gru_s2,train,5209,150,2.2543952465057373,
gru_s2,train,5210,70,0.1393846720457077,
gru_s2,train,5211,66,0.11998698860406876,
gru_s2,train,5220,70,1.6178245544433594,
gru_s2,train,5229,69,1.0878424644470215,
gru_s2,train,5230,66,1.2725028991699219,
gru_s2,train,5231,70,0.5804039835929871,
gru_s2,train,5235,70,1.359982967376709,
gru_s2,train,5242,65,2.263150930404663,
gru_s2,train,5253,65,1.3555548191070557,
gru_s2,train,6301,68,0.23948490619659424,
gru_s2,train,6302,67,0.3482142984867096,
gru_s2,train,6303,71,0.1325451284646988,
gru_s2,train,6304,89,0.3540020287036896,
gru_s2,train,6305,71,0.3243395686149597,
gru_s2,train,6916,87,0.17646974325180054,
gru_s2,val,5176,43,0.12102694809436798,
gru_s2,val,5185,53,0.06487895548343658,
gru_s2,val,5199,52,0.14192669093608856,
gru_s2,val,5215,40,0.0665147453546524,
gru_s2,val,5217,42,0.26533427834510803,
gru_s2,val,5221,41,0.4541327953338623,
gru_s2,val,5222,29,0.08815521001815796,
gru_s2,val,5227,51,0.6664501428604126,
gru_s2,val,5232,46,0.24806709587574005,
gru_s2,val,5236,48,0.5552321076393127,
gru_s2,val,5243,46,0.4831285774707794,
gru_s2,val,6917,29,0.07941356301307678,
gru_s2,val,6922,52,0.2672169804573059,
gru_s2,val,6923,41,0.12526963651180267,
gru_s2,val,6924,46,0.2230115532875061,
gru_s2,test,5175,61,0.21039557456970215,
gru_s2,test,5177,60,0.3930540680885315,
gru_s2,test,5179,62,0.1474943310022354,
gru_s2,test,5180,58,0.11748763173818588,
gru_s2,test,5190,53,0.349899023771286,
gru_s2,test,5195,63,0.39663365483283997,
gru_s2,test,5206,55,0.1344991773366928,
gru_s2,test,5212,63,0.17079882323741913,
gru_s2,test,5216,53,0.6454376578330994,
gru_s2,test,5228,58,0.7991306185722351,
gru_s2,test,5233,64,1.0700805187225342,
gru_s2,test,5234,53,0.6384285092353821,
gru_s2,test,6300,61,0.11329267174005508,
gru_s2,test,6306,54,0.2024518847465515,
gru_s2,test,6883,65,0.24398642778396606,
lstm_s0,train,5145,171,1.0738199949264526,
lstm_s0,train,5146,146,1.378415584564209,
lstm_s0,train,5147,82,0.18287219107151031,
lstm_s0,train,5148,163,0.7266800999641418,
lstm_s0,train,5149,198,1.0962917804718018,
lstm_s0,train,5150,132,0.7169906497001648,
lstm_s0,train,5151,92,0.2811993956565857,
lstm_s0,train,5152,89,0.17816492915153503,
lstm_s0,train,5153,145,0.5570597648620605,
lstm_s0,train,5154,162,0.7756417393684387,
lstm_s0,train,5155,77,0.09056578576564789,
lstm_s0,train,5156,72,0.15315447747707367,
lstm_s0,train,5157,78,0.17090445756912231,
lstm_s0,train,5158,77,0.1268206536769867,
lstm_s0,train,5159,83,0.3498091697692871,
lstm_s0,train,5160,66,0.14087755978107452,
lstm_s0,train,5161,86,0.226286381483078,
lstm_s0,train,5162,77,0.11093854159116745,
lstm_s0,train,5163,83,0.17285871505737305,
lstm_s0,train,5164,86,0.3302208185195923,
lstm_s0,train,5165,77,0.1966397613286972,
lstm_s0,train,5166,68,0.04615279659628868,
lstm_s0,train,5167,214,1.3588945865631104,
lstm_s0,train,5168,105,0.49642011523246765,
lstm_s0,train,5169,154,0.8879602551460266,
lstm_s0,train,5170,157,0.6158199310302734,
lstm_s0,train,5171,77,0.20543059706687927,
lstm_s0,train,5172,66,0.033579450100660324,
lstm_s0,train,5173,93,0.28878167271614075,
lstm_s0,train,5174,78,0.3214334547519684,
lstm_s0,train,5178,92,0.697302520275116,
lstm_s0,train,5181,72,0.24910369515419006,
lstm_s0,train,5182,138,0.8808786869049072,
lstm_s0,train,5183,72,0.1637287139892578,
lstm_s0,train,5184,153,0.6251890659332275,
lstm_s0,train,5186,68,0.07415024191141129,
lstm_s0,train,5187,66,0.07727742940187454,
lstm_s0,train,5188,79,0.21330632269382477,
lstm_s0,train,5189,75,0.19274267554283142,
lstm_s0,train,5191,78,0.19129830598831177,
lstm_s0,train,5192,85,0.2135283648967743,
lstm_s0,train,5193,77,0.12639233469963074,
lstm_s0,train,5194,91,0.2654901146888733,
lstm_s0,train,5196,86,0.41707319021224976,
lstm_s0,train,5197,86,0.257403701543808,
lstm_s0,train,5198,85,0.5344985723495483,
lstm_s0,train,5200,84,0.2493770271539688,
lstm_s0,train,5201,70,0.05339658632874489,
lstm_s0,train,5202,73,0.13993772864341736,
lstm_s0,train,5203,68,0.06807340681552887,
lstm_s0,train,5204,75,0.24100473523139954,
lstm_s0,train,5205,71,0.1154552698135376,
lstm_s0,train,5207,70,0.07150841504335403,
lstm_s0,train,5208,180,1.0146327018737793,
lstm_s0,train,5209,150,0.8963218927383423,
lstm_s0,train,5210,70,0.08569986373186111,
lstm_s0,train,5211,66,0.10330358147621155,
lstm_s0,train,5220,70,0.5959359407424927,
lstm_s0,train,5229,69,0.3085826635360718,
lstm_s0,train,5230,66,0.49465909600257874,
lstm_s0,train,5231,70,0.12386956810951233,
lstm_s0,train,5235,70,0.47796499729156494,
lstm_s0,train,5242,65,1.1845654249191284,
lstm_s0,train,5253,65,0.6001973748207092,
lstm_s0,train,6301,68,0.030458707362413406,
lstm_s0,train,6302,67,0.033335860818624496,
lstm_s0,train,6303,71,0.1599886268377304,
lstm_s0,train,6304,89,0.0913495272397995,
lstm_s0,train,6305,71,0.03970329090952873,
lstm_s0,train,6916,87,1.0174362659454346,
lstm_s0,val,5176,43,0.14469695091247559,
lstm_s0,val,5185,53,0.018316296860575676,
lstm_s0,val,5199,52,0.041294604539871216,
lstm_s0,val,5215,40,0.05145378038287163,
lstm_s0,val,5217,42,0.3586592972278595,
lstm_s0,val,5221,41,0.5449570417404175,
lstm_s0,val,5222,29,0.021110549569129944,
lstm_s0,val,5227,51,0.5458500385284424,
lstm_s0,val,5232,46,0.25929534435272217,
lstm_s0,val,5236,48,0.4907820224761963,
lstm_s0,val,5243,46,0.4688805937767029,
lstm_s0,val,6917,29,0.043881818652153015,
lstm_s0,val,6922,52,0.10312871634960175,
lstm_s0,val,6923,41,0.12615902721881866,
lstm_s0,val,6924,46,0.1920885443687439,
lstm_s0,test,5175,61,0.043279942125082016,
lstm_s0,test,5177,60,0.10015325993299484,
lstm_s0,test,5179,62,0.05720659717917442,
lstm_s0,test,5180,58,0.036043595522642136,
lstm_s0,test,5190,53,0.19594986736774445,
lstm_s0,test,5195,63,0.0857786238193512,
lstm_s0,test,5206,55,0.04040779545903206,
lstm_s0,test,5212,63,0.021279681473970413,
lstm_s0,test,5216,53,0.4424310624599457,
lstm_s0,test,5228,58,0.37946513295173645,
lstm_s0,test,5233,64,0.3936357796192169,
lstm_s0,test,5234,53,0.4379321336746216,
lstm_s0,test,6300,61,0.0317838191986084,
lstm_s0,test,6306,54,0.07448498904705048,
lstm_s0,test,6883,65,0.5684162378311157,
lstm_s1,train,5145,171,1.237591028213501,
lstm_s1,train,5146,146,1.0980503559112549,
lstm_s1,train,5147,82,0.15020596981048584,
lstm_s1,train,5148,163,0.898866593837738,
lstm_s1,train,5149,198,1.0992408990859985,
lstm_s1,train,5150,132,0.8844097256660461,
lstm_s1,train,5151,92,0.27971261739730835,
lstm_s1,train,5152,89,0.129100039601326,
lstm_s1,train,5153,145,0.5575906038284302,
lstm_s1,train,5154,162,0.9514361619949341,
lstm_s1,train,5155,77,0.05067770183086395,
lstm_s1,train,5156,72,0.12473683059215546,
lstm_s1,train,5157,78,0.12603430449962616,
lstm_s1,train,5158,77,0.07988724112510681,
lstm_s1,train,5159,83,0.29812559485435486,
lstm_s1,train,5160,66,0.15176858007907867,
lstm_s1,train,5161,86,0.2087341547012329,
lstm_s1,train,5162,77,0.07803816348314285,
lstm_s1,train,5163,83,0.1435355246067047,
lstm_s1,train,5164,86,0.3379298448562622,
lstm_s1,train,5165,77,0.16403523087501526,
lstm_s1,train,5166,68,0.059630028903484344,
lstm_s1,train,5167,214,1.6394603252410889,
lstm_s1,train,5168,105,0.5034332871437073,
lstm_s1,train,5169,154,0.7155312299728394,
lstm_s1,train,5170,157,0.6360078454017639,
lstm_s1,train,5171,77,0.18330118060112,
lstm_s1,train,5172,66,0.037108760327100754,
lstm_s1,train,5173,93,0.25664231181144714,
lstm_s1,train,5174,78,0.311981201171875,
lstm_s1,train,5178,92,0.7882651686668396,
lstm_s1,train,5181,72,0.2138543725013733,
lstm_s1,train,5182,138,0.6867852210998535,
lstm_s1,train,5183,72,0.12890733778476715,
lstm_s1,train,5184,153,0.5989626049995422,
lstm_s1,train,5186,68,0.04870522767305374,
lstm_s1,train,5187,66,0.047583967447280884,
lstm_s1,train,5188,79,0.20280030369758606,
lstm_s1,train,5189,75,0.166140615940094,
lstm_s1,train,5191,78,0.17254464328289032,
lstm_s1,train,5192,85,0.22233718633651733,
lstm_s1,train,5193,77,0.09718956053256989,
lstm_s1,train,5194,91,0.19997136294841766,
lstm_s1,train,5196,86,0.3310188949108124,
lstm_s1,train,5197,86,0.2902012765407562,
lstm_s1,train,5198,85,0.5484060049057007,
lstm_s1,train,5200,84,0.2454584687948227,
lstm_s1,train,5201,70,0.03643553704023361,
lstm_s1,train,5202,73,0.10444799065589905,
lstm_s1,train,5203,68,0.05393797159194946,
lstm_s1,train,5204,75,0.20737549662590027,
lstm_s1,train,5205,71,0.09607557952404022,
lstm_s1,train,5207,70,0.04593750089406967,
lstm_s1,train,5208,180,1.0576647520065308,
lstm_s1,train,5209,150,0.7529522776603699,
lstm_s1,train,5210,70,0.05876891687512398,
lstm_s1,train,5211,66,0.059679064899683,
lstm_s1,train,5220,70,0.6623411178588867,
lstm_s1,train,5229,69,0.3447180390357971,
lstm_s1,train,5230,66,0.5731216669082642,
lstm_s1,train,5231,70,0.1052650734782219,
lstm_s1,train,5235,70,0.511477530002594,
lstm_s1,train,5242,65,1.333678960800171,
lstm_s1,train,5253,65,0.6914299726486206,
lstm_s1,train,6301,68,0.021742014214396477,
lstm_s1,train,6302,67,0.035200439393520355,
lstm_s1,train,6303,71,0.12097117304801941,
lstm_s1,train,6304,89,0.09416548907756805,
lstm_s1,train,6305,71,0.023969724774360657,
lstm_s1,train,6916,87,1.1021668910980225,
lstm_s1,val,5176,43,0.14012756943702698,
lstm_s1,val,5185,53,0.013813781552016735,
lstm_s1,val,5199,52,0.0482148714363575,
lstm_s1,val,5215,40,0.03568626567721367,
lstm_s1,val,5217,42,0.33825233578681946,
lstm_s1,val,5221,41,0.5287700295448303,
lstm_s1,val,5222,29,0.009085152298212051,
lstm_s1,val,5227,51,0.5769895911216736,
lstm_s1,val,5232,46,0.2657177150249481,
lstm_s1,val,5236,48,0.5283488631248474,
lstm_s1,val,5243,46,0.4806969165802002,
lstm_s1,val,6917,29,0.025074101984500885,
lstm_s1,val,6922,52,0.12956687808036804,
lstm_s1,val,6923,41,0.11179441958665848,
lstm_s1,val,6924,46,0.19535601139068604,
lstm_s1,test,5175,61,0.048737797886133194,
lstm_s1,test,5177,60,0.13999034464359283,
lstm_s1,test,5179,62,0.03932926058769226,
lstm_s1,test,5180,58,0.03472207859158516,
lstm_s1,test,5190,53,0.2362312227487564,
lstm_s1,test,5195,63,0.11676674336194992,
lstm_s1,test,5206,55,0.04931962490081787,
lstm_s1,test,5212,63,0.015289904549717903,
lstm_s1,test,5216,53,0.5014408826828003,
lstm_s1,test,5228,58,0.47542551159858704,
lstm_s1,test,5233,64,0.48779481649398804,
lstm_s1,test,5234,53,0.5011608004570007,
lstm_s1,test,6300,61,0.016641244292259216,
lstm_s1,test,6306,54,0.09282873570919037,
lstm_s1,test,6883,65,0.4677678942680359,
lstm_s2,train,5145,171,0.8686808943748474,
lstm_s2,train,5146,146,2.241231918334961,
lstm_s2,train,5147,82,0.2593815326690674,
lstm_s2,train,5148,163,0.5271062850952148,
lstm_s2,train,5149,198,1.3047523498535156,
lstm_s2,train,5150,132,0.36433079838752747,
lstm_s2,train,5151,92,0.24490134418010712,
lstm_s2,train,5152,89,0.3839747905731201,
lstm_s2,train,5153,145,0.794122576713562,
lstm_s2,train,5154,162,0.5227916240692139,
lstm_s2,train,5155,77,0.2913864850997925,
lstm_s2,train,5156,72,0.13985863327980042,
lstm_s2,train,5157,78,0.409434974193573,
lstm_s2,train,5158,77,0.41526615619659424,
lstm_s2,train,5159,83,0.42367035150527954,
lstm_s2,train,5160,66,0.3507730960845947,
lstm_s2,train,5161,86,0.2292681485414505,
lstm_s2,train,5162,77,0.2114391028881073,
lstm_s2,train,5163,83,0.2721656262874603,
lstm_s2,train,5164,86,0.17851918935775757,
lstm_s2,train,5165,77,0.2072407305240631,
lstm_s2,train,5166,68,0.21162356436252594,
lstm_s2,train,5167,214,0.9415190815925598,
lstm_s2,train,5168,105,0.46782633662223816,
lstm_s2,train,5169,154,1.456382393836975,
lstm_s2,train,5170,157,0.7440859079360962,
lstm_s2,train,5171,77,0.17529095709323883,
lstm_s2,train,5172,66,0.11850433796644211,
lstm_s2,train,5173,93,0.37340039014816284,
lstm_s2,train,5174,78,0.20838020741939545,
lstm_s2,train,5178,92,0.30445560812950134,
lstm_s2,train,5181,72,0.214167058467865,
lstm_s2,train,5182,138,1.606603980064392,
lstm_s2,train,5183,72,0.18682949244976044,
lstm_s2,train,5184,153,0.9218762516975403,
lstm_s2,train,5186,68,0.14291812479496002,
lstm_s2,train,5187,66,0.13903038203716278,
lstm_s2,train,5188,79,0.15151987969875336,
lstm_s2,train,5189,75,0.17583028972148895,
lstm_s2,train,5191,78,0.17725501954555511,
lstm_s2,train,5192,85,0.13697825372219086,
lstm_s2,train,5193,77,0.43162208795547485,
lstm_s2,train,5194,91,0.5077434778213501,
lstm_s2,train,5196,86,0.9409201145172119,
lstm_s2,train,5197,86,0.11052804440259933,
lstm_s2,train,5198,85,0.32064682245254517,
lstm_s2,train,5200,84,0.17301642894744873,
lstm_s2,train,5201,70,0.1620648354291916,
lstm_s2,train,5202,73,0.13724744319915771,
lstm_s2,train,5203,68,0.1793552041053772,
lstm_s2,train,5204,75,0.1896139532327652,
lstm_s2,train,5205,71,0.12744010984897614,
lstm_s2,train,5207,70,0.1202683374285698,
lstm_s2,train,5208,180,1.1466413736343384,
lstm_s2,train,5209,150,1.518226981163025,
lstm_s2,train,5210,70,0.08653273433446884,
lstm_s2,train,5211,66,0.11386925727128983,
lstm_s2,train,5220,70,1.0585532188415527,
lstm_s2,train,5229,69,0.672865629196167,
lstm_s2,train,5230,66,0.8677598237991333,
lstm_s2,train,5231,70,0.3642347455024719,
lstm_s2,train,5235,70,0.881392776966095,
lstm_s2,train,5242,65,1.6425315141677856,
lstm_s2,train,5253,65,0.906409740447998,
lstm_s2,train,6301,68,0.11274435371160507,
lstm_s2,train,6302,67,0.17238649725914001,
lstm_s2,train,6303,71,0.13320237398147583,
lstm_s2,train,6304,89,0.15421567857265472,
lstm_s2,train,6305,71,0.17086613178253174,
lstm_s2,train,6916,87,0.473713755607605,
lstm_s2,val,5176,43,0.07020454853773117,
lstm_s2,val,5185,53,0.057030681520700455,
lstm_s2,val,5199,52,0.07969878613948822,
lstm_s2,val,5215,40,0.03804689273238182,
lstm_s2,val,5217,42,0.1602550595998764,
lstm_s2,val,5221,41,0.337249219417572,
lstm_s2,val,5222,29,0.03196065500378609,
lstm_s2,val,5227,51,0.3950151801109314,
lstm_s2,val,5232,46,0.1634601503610611,
lstm_s2,val,5236,48,0.38562873005867004,
lstm_s2,val,5243,46,0.30964186787605286,
lstm_s2,val,6917,29,0.028025658801198006,
lstm_s2,val,6922,52,0.13125355541706085,
lstm_s2,val,6923,41,0.04335307329893112,
lstm_s2,val,6924,46,0.10840565711259842,
lstm_s2,test,5175,61,0.11996937543153763,
lstm_s2,test,5177,60,0.21027301251888275,
lstm_s2,test,5179,62,0.1290092170238495,
lstm_s2,test,5180,58,0.0431116558611393,
lstm_s2,test,5190,53,0.2218663990497589,
lstm_s2,test,5195,63,0.17427696287631989,
lstm_s2,test,5206,55,0.05782310664653778,
lstm_s2,test,5212,63,0.08190778642892838,
lstm_s2,test,5216,53,0.4178636074066162,
lstm_s2,test,5228,58,0.511701762676239,
lstm_s2,test,5233,64,0.6653140783309937,
lstm_s2,test,5234,53,0.4215872883796692,
lstm_s2,test,6300,61,0.0805898979306221,
lstm_s2,test,6306,54,0.08055157959461212,
lstm_s2,test,6883,65,0.47743159532546997,
transformer_s0,train,5145,171,1.3143925666809082,
transformer_s0,train,5146,146,0.36223921179771423,
transformer_s0,train,5147,82,0.5519848465919495,
transformer_s0,train,5148,163,1.0759241580963135,
transformer_s0,train,5149,198,0.7064736485481262,
transformer_s0,train,5150,132,1.0945968627929688,
transformer_s0,train,5151,92,0.4154462516307831,
transformer_s0,train,5152,89,0.24901403486728668,
transformer_s0,train,5153,145,0.38424596190452576,
transformer_s0,train,5154,162,1.0604838132858276,
transformer_s0,train,5155,77,0.13968424499034882,
transformer_s0,train,5156,72,0.2610494792461395,
transformer_s0,train,5157,78,0.13065768778324127,
transformer_s0,train,5158,77,0.20239295065402985,
transformer_s0,train,5159,83,0.19758503139019012,
transformer_s0,train,5160,66,0.1559937596321106,
transformer_s0,train,5161,86,0.19476883113384247,
transformer_s0,train,5162,77,0.09913615882396698,
transformer_s0,train,5163,83,0.22039738297462463,
transformer_s0,train,5164,86,0.18958385288715363,
transformer_s0,train,5165,77,0.13892152905464172,
transformer_s0,train,5166,68,0.09221594780683517,
transformer_s0,train,5167,214,1.6588246822357178,
transformer_s0,train,5168,105,0.28719279170036316,
transformer_s0,train,5169,154,0.20511457324028015,
transformer_s0,train,5170,157,0.38144558668136597,
transformer_s0,train,5171,77,0.1645529568195343,
transformer_s0,train,5172,66,0.09243758767843246,
transformer_s0,train,5173,93,0.3009994924068451,
transformer_s0,train,5174,78,0.2660555839538574,
transformer_s0,train,5178,92,1.0128458738327026,
transformer_s0,train,5181,72,0.49954384565353394,
transformer_s0,train,5182,138,0.3229081928730011,
transformer_s0,train,5183,72,0.4188419282436371,
transformer_s0,train,5184,153,0.9530367255210876,
transformer_s0,train,5186,68,0.07575787603855133,
transformer_s0,train,5187,66,0.24198243021965027,
transformer_s0,train,5188,79,0.2245258092880249,
transformer_s0,train,5189,75,0.568232536315918,
transformer_s0,train,5191,78,0.20786616206169128,
transformer_s0,train,5192,85,0.10207350552082062,
transformer_s0,train,5193,77,0.11993458867073059,
transformer_s0,train,5194,91,0.16373376548290253,
transformer_s0,train,5196,86,0.9330582022666931,
transformer_s0,train,5197,86,0.029387999325990677,
transformer_s0,train,5198,85,0.09378077834844589,
transformer_s0,train,5200,84,0.058690667152404785,
transformer_s0,train,5201,70,0.0412282720208168,
transformer_s0,train,5202,73,0.05127442628145218,
transformer_s0,train,5203,68,0.06168206408619881,
transformer_s0,train,5204,75,0.09231351315975189,
transformer_s0,train,5205,71,0.05322292447090149,
transformer_s0,train,5207,70,0.08045655488967896,
transformer_s0,train,5208,180,0.5527291893959045,
transformer_s0,train,5209,150,0.25865957140922546,
transformer_s0,train,5210,70,0.06117071956396103,
transformer_s0,train,5211,66,0.12121156603097916,
transformer_s0,train,5220,70,1.4906245470046997,
transformer_s0,train,5229,69,0.41228464245796204,
transformer_s0,train,5230,66,0.6388432383537292,
transformer_s0,train,5231,70,0.25249138474464417,
transformer_s0,train,5235,70,0.7357928156852722,
transformer_s0,train,5242,65,1.9596527814865112,
transformer_s0,train,5253,65,0.8572442531585693,
transformer_s0,train,6301,68,0.055721402168273926,
transformer_s0,train,6302,67,0.1349758505821228,
transformer_s0,train,6303,71,0.055331114679574966,
transformer_s0,train,6304,89,0.04966089501976967,
transformer_s0,train,6305,71,0.060589831322431564,
transformer_s0,train,6916,87,0.11865093559026718,
transformer_s0,val,5176,43,0.0818295106291771,
transformer_s0,val,5185,53,0.1602180451154709,
transformer_s0,val,5199,52,0.07810495793819427,
transformer_s0,val,5215,40,0.3261854946613312,
transformer_s0,val,5217,42,0.0563695915043354,
transformer_s0,val,5221,41,0.3286757469177246,
transformer_s0,val,5222,29,0.08735191076993942,
transformer_s0,val,5227,51,0.31242284178733826,
transformer_s0,val,5232,46,0.11916296929121017,
transformer_s0,val,5236,48,0.23551683127880096,
transformer_s0,val,5243,46,0.3858925700187683,
transformer_s0,val,6917,29,0.09994015842676163,
transformer_s0,val,6922,52,0.10518768429756165,
transformer_s0,val,6923,41,0.058283500373363495,
transformer_s0,val,6924,46,0.10706456005573273,
transformer_s0,test,5175,61,0.115209199488163,
transformer_s0,test,5177,60,0.09941290318965912,
transformer_s0,test,5179,62,0.19438660144805908,
transformer_s0,test,5180,58,0.045605506747961044,
transformer_s0,test,5190,53,0.16510581970214844,
transformer_s0,test,5195,63,0.28322896361351013,
transformer_s0,test,5206,55,1.1826684474945068,
transformer_s0,test,5212,63,0.06753794103860855,
transformer_s0,test,5216,53,0.2506154477596283,
transformer_s0,test,5228,58,0.5088145732879639,
transformer_s0,test,5233,64,1.0179041624069214,
transformer_s0,test,5234,53,0.21738208830356598,
transformer_s0,test,6300,61,0.045938730239868164,
transformer_s0,test,6306,54,0.055861905217170715,
transformer_s0,test,6883,65,1.9308879375457764,
transformer_s1,train,5145,171,2.9221270084381104,
transformer_s1,train,5146,146,1.0906976461410522,
transformer_s1,train,5147,82,1.5163918733596802,
transformer_s1,train,5148,163,2.8792550563812256,
transformer_s1,train,5149,198,2.3122329711914062,
transformer_s1,train,5150,132,2.840646743774414,
transformer_s1,train,5151,92,1.4645613431930542,
transformer_s1,train,5152,89,0.8440072536468506,
transformer_s1,train,5153,145,1.6867202520370483,
transformer_s1,train,5154,162,2.9151718616485596,
transformer_s1,train,5155,77,0.3667440116405487,
transformer_s1,train,5156,72,0.9396185278892517,
transformer_s1,train,5157,78,0.2590952515602112,
transformer_s1,train,5158,77,0.21395929157733917,
transformer_s1,train,5159,83,0.9627447128295898,
transformer_s1,train,5160,66,0.337372750043869,
transformer_s1,train,5161,86,0.9444511532783508,
transformer_s1,train,5162,77,0.5257207155227661,
transformer_s1,train,5163,83,0.8901708722114563,
transformer_s1,train,5164,86,1.3906145095825195,
transformer_s1,train,5165,77,0.7290520668029785,
transformer_s1,train,5166,68,0.15581923723220825,
transformer_s1,train,5167,214,3.802478313446045,
transformer_s1,train,5168,105,1.470540165901184,
transformer_s1,train,5169,154,0.9499918222427368,
transformer_s1,train,5170,157,1.6816343069076538,
transformer_s1,train,5171,77,0.8632960319519043,
transformer_s1,train,5172,66,0.34601178765296936,
transformer_s1,train,5173,93,1.1293715238571167,
transformer_s1,train,5174,78,1.4041996002197266,
transformer_s1,train,5178,92,2.3048415184020996,
transformer_s1,train,5181,72,1.194377064704895,
transformer_s1,train,5182,138,0.8170232176780701,
transformer_s1,train,5183,72,1.02701997756958,
transformer_s1,train,5184,153,1.9665420055389404,
transformer_s1,train,5186,68,0.41547003388404846,
transformer_s1,train,5187,66,0.6869323253631592,
transformer_s1,train,5188,79,1.160353422164917,
transformer_s1,train,5189,75,1.3653643131256104,
transformer_s1,train,5191,78,0.8895770311355591,
transformer_s1,train,5192,85,1.0163938999176025,
transformer_s1,train,5193,77,0.13623283803462982,
transformer_s1,train,5194,91,0.2209310531616211,
transformer_s1,train,5196,86,0.6793301701545715,
transformer_s1,train,5197,86,0.03518437221646309,
transformer_s1,train,5198,85,0.2861771881580353,
transformer_s1,train,5200,84,0.21792082488536835,
transformer_s1,train,5201,70,0.03428409993648529,
transformer_s1,train,5202,73,0.10180459916591644,
transformer_s1,train,5203,68,0.10958313196897507,
transformer_s1,train,5204,75,0.24562706053256989,
transformer_s1,train,5205,71,0.07559838891029358,
transformer_s1,train,5207,70,0.07425927370786667,
transformer_s1,train,5208,180,1.4925775527954102,
transformer_s1,train,5209,150,0.7225444316864014,
transformer_s1,train,5210,70,0.04630130156874657,
transformer_s1,train,5211,66,0.29653027653694153,
transformer_s1,train,5220,70,1.4109094142913818,
transformer_s1,train,5229,69,0.06022108718752861,
transformer_s1,train,5230,66,0.3661055266857147,
transformer_s1,train,5231,70,0.09463761001825333,
transformer_s1,train,5235,70,0.1496129035949707,
transformer_s1,train,5242,65,1.862911343574524,
transformer_s1,train,5253,65,0.6129730343818665,
transformer_s1,train,6301,68,0.06484496593475342,
transformer_s1,train,6302,67,0.03389294445514679,
transformer_s1,train,6303,71,0.10269082337617874,
transformer_s1,train,6304,89,0.16726651787757874,
transformer_s1,train,6305,71,0.045120738446712494,
transformer_s1,train,6916,87,0.17144650220870972,
transformer_s1,val,5176,43,0.07048606127500534,
transformer_s1,val,5185,53,0.34240996837615967,
transformer_s1,val,5199,52,0.08654095232486725,
transformer_s1,val,5215,40,0.20807413756847382,
transformer_s1,val,5217,42,0.05006321892142296,
transformer_s1,val,5221,41,0.32970526814460754,
transformer_s1,val,5222,29,0.036914609372615814,
transformer_s1,val,5227,51,0.3959829807281494,
transformer_s1,val,5232,46,0.06901075690984726,
transformer_s1,val,5236,48,0.14270271360874176,
transformer_s1,val,5243,46,0.408680260181427,
transformer_s1,val,6917,29,0.02673713117837906,
transformer_s1,val,6922,52,0.08226677030324936,
transformer_s1,val,6923,41,0.07337364554405212,
transformer_s1,val,6924,46,0.11853712797164917,
transformer_s1,test,5175,61,0.36389389634132385,
transformer_s1,test,5177,60,0.10681096464395523,
transformer_s1,test,5179,62,0.42127668857574463,
transformer_s1,test,5180,58,0.254787415266037,
transformer_s1,test,5190,53,0.11746152490377426,
transformer_s1,test,5195,63,0.27286070585250854,
transformer_s1,test,5206,55,0.12523023784160614,
transformer_s1,test,5212,63,0.05481810122728348,
transformer_s1,test,5216,53,0.21900083124637604,
transformer_s1,test,5228,58,0.5259382724761963,
transformer_s1,test,5233,64,0.8665105700492859,
transformer_s1,test,5234,53,0.07626195251941681,
transformer_s1,test,6300,61,0.056804899126291275,
transformer_s1,test,6306,54,0.0551392026245594,
transformer_s1,test,6883,65,0.9242575764656067,
transformer_s2,train,5145,171,0.6200079321861267,
transformer_s2,train,5146,146,0.5177030563354492,
transformer_s2,train,5147,82,0.406139612197876,
transformer_s2,train,5148,163,0.5843726992607117,
transformer_s2,train,5149,198,0.609965443611145,
transformer_s2,train,5150,132,0.8768191337585449,
transformer_s2,train,5151,92,0.2446155846118927,
transformer_s2,train,5152,89,0.15737119317054749,
transformer_s2,train,5153,145,0.2474895417690277,
transformer_s2,train,5154,162,0.9071128964424133,
transformer_s2,train,5155,77,0.10685766488313675,
transformer_s2,train,5156,72,0.33314934372901917,
transformer_s2,train,5157,78,0.13218605518341064,
transformer_s2,train,5158,77,0.1339307576417923,
transformer_s2,train,5159,83,0.27992042899131775,
transformer_s2,train,5160,66,0.2037779688835144,
transformer_s2,train,5161,86,0.17806003987789154,
transformer_s2,train,5162,77,0.09826184064149857,
transformer_s2,train,5163,83,0.14935821294784546,
transformer_s2,train,5164,86,0.3058810234069824,
transformer_s2,train,5165,77,0.23925809562206268,
transformer_s2,train,5166,68,0.07944859564304352,
transformer_s2,train,5167,214,0.8850434422492981,
transformer_s2,train,5168,105,0.26956990361213684,
transformer_s2,train,5169,154,0.33415862917900085,
transformer_s2,train,5170,157,0.38753199577331543,
transformer_s2,train,5171,77,0.18533584475517273,
transformer_s2,train,5172,66,0.07234059274196625,
transformer_s2,train,5173,93,0.22101230919361115,
transformer_s2,train,5174,78,0.36749398708343506,
transformer_s2,train,5178,92,0.8614622950553894,
transformer_s2,train,5181,72,0.44247445464134216,
transformer_s2,train,5182,138,0.27525264024734497,
transformer_s2,train,5183,72,0.2689796984195709,
transformer_s2,train,5184,153,0.26427432894706726,
transformer_s2,train,5186,68,0.11043279618024826,
transformer_s2,train,5187,66,0.21602630615234375,
transformer_s2,train,5188,79,0.3516479432582855,
transformer_s2,train,5189,75,0.4240877330303192,
transformer_s2,train,5191,78,0.18740499019622803,
transformer_s2,train,5192,85,0.16328191757202148,
transformer_s2,train,5193,77,0.13820521533489227,
transformer_s2,train,5194,91,0.2035263329744339,
transformer_s2,train,5196,86,0.7805672883987427,
transformer_s2,train,5197,86,0.027947135269641876,
transformer_s2,train,5198,85,0.12379080802202225,
transformer_s2,train,5200,84,0.07066956162452698,
transformer_s2,train,5201,70,0.05743077024817467,
transformer_s2,train,5202,73,0.10098318755626678,
transformer_s2,train,5203,68,0.0742596909403801,
transformer_s2,train,5204,75,0.10437896847724915,
transformer_s2,train,5205,71,0.07406233251094818,
transformer_s2,train,5207,70,0.042880795896053314,
transformer_s2,train,5208,180,0.192756786942482,
transformer_s2,train,5209,150,0.3411993980407715,
transformer_s2,train,5210,70,0.026252873241901398,
transformer_s2,train,5211,66,0.1307012438774109,
transformer_s2,train,5220,70,1.1431889533996582,
transformer_s2,train,5229,69,0.3535148501396179,
transformer_s2,train,5230,66,0.5966256856918335,
transformer_s2,train,5231,70,0.15914329886436462,
transformer_s2,train,5235,70,0.43503352999687195,
transformer_s2,train,5242,65,1.5744450092315674,
transformer_s2,train,5253,65,0.7876004576683044,
transformer_s2,train,6301,68,0.04070531576871872,
transformer_s2,train,6302,67,0.06047891825437546,
transformer_s2,train,6303,71,0.0495130680501461,
transformer_s2,train,6304,89,0.029101986438035965,
transformer_s2,train,6305,71,0.06424536556005478,
transformer_s2,train,6916,87,0.394876092672348,
transformer_s2,val,5176,43,0.08438330143690109,
transformer_s2,val,5185,53,0.16714245080947876,
transformer_s2,val,5199,52,0.08118881285190582,
transformer_s2,val,5215,40,0.17223641276359558,
transformer_s2,val,5217,42,0.03751867264509201,
transformer_s2,val,5221,41,0.24458900094032288,
transformer_s2,val,5222,29,0.07708386331796646,
transformer_s2,val,5227,51,0.36758455634117126,
transformer_s2,val,5232,46,0.09505338221788406,
transformer_s2,val,5236,48,0.203250914812088,
transformer_s2,val,5243,46,0.28680136799812317,
transformer_s2,val,6917,29,0.06205866113305092,
transformer_s2,val,6922,52,0.12448843568563461,
transformer_s2,val,6923,41,0.050882186740636826,
transformer_s2,val,6924,46,0.09590383619070053,
transformer_s2,test,5175,61,0.11831392347812653,
transformer_s2,test,5177,60,0.07928089052438736,
transformer_s2,test,5179,62,0.16508342325687408,
transformer_s2,test,5180,58,0.06347480416297913,
transformer_s2,test,5190,53,0.12900994718074799,
transformer_s2,test,5195,63,0.2595236897468567,
transformer_s2,test,5206,55,0.031226281076669693,
transformer_s2,test,5212,63,0.09525219351053238,
transformer_s2,test,5216,53,0.20499221980571747,
transformer_s2,test,5228,58,0.4255022704601288,
transformer_s2,test,5233,64,0.7207876443862915,
transformer_s2,test,5234,53,0.1510075032711029,
transformer_s2,test,6300,61,0.09185491502285004,
transformer_s2,test,6306,54,0.04857346788048744,
transformer_s2,test,6883,65,0.5638864636421204,
