model,split,seed,n,mean,std,max
ode,train,lock,70,0.3835350493235247,0.40534152833070347,2.069270610809326
ode,val,lock,15,0.22155369619528453,0.143307307617802,0.5950172543525696
ode,test,lock,15,0.21521173690756162,0.1621483960706618,0.668329119682312
nls_insample,train,lock,70,0.02754917857671021,0.022801742851860388,0.1171090569765599
nls_insample,val,lock,15,0.011963981021299742,0.00730565667996331,0.03059726414187237
nls_insample,test,lock,15,0.01717130026805785,0.01057590503484912,0.03410551489473883
gru_s0,train,0,70,0.6834539905190468,0.6552293705682776,3.1546740531921387
gru_s0,val,0,15,0.2200705163180828,0.17443731931908354,0.5643346309661865
gru_s0,test,0,15,0.360260176161925,0.2666003706682484,1.0111196041107178
gru_s1,train,1,70,0.6906950254525457,0.6637725449181744,3.181933641433716
gru_s1,val,1,15,0.2489671031634013,0.18044908193885792,0.6316831707954407
gru_s1,test,1,15,0.37468084196249646,0.2765045471839474,1.051754355430603
gru_s2,train,2,70,0.6820727922022343,0.6716095458824713,3.1820058822631836
gru_s2,val,2,15,0.2566506187121073,0.19462755069982815,0.6664501428604126
gru_s2,test,2,15,0.37553803821404774,0.2887296638160354,1.0700805187225342
lstm_s0,train,0,70,0.3809543971504484,0.35035992553729617,1.378415584564209
lstm_s0,val,0,15,0.22737030846377213,0.2013356289747293,0.5458500385284424
lstm_s0,test,0,15,0.19388323451081912,0.19209053477187107,0.5684162378311157
lstm_s1,train,1,70,0.37822083908000165,0.3800854230930327,1.6394603252410889
lstm_s1,val,1,15,0.22849963350842398,0.20978928506644975,0.5769895911216736
lstm_s1,test,1,15,0.2148964575181405,0.20674395062100973,0.5014408826828003
lstm_s2,train,2,70,0.4767341081585203,0.4553302623734847,2.241231918334961
lstm_s2,val,2,15,0.155948647732536,0.133793326322994,0.3950151801109314
lstm_s2,test,2,15,0.24621848836541177,0.1991333632902611,0.6653140783309937
transformer_s0,train,0,70,0.3830832121095487,0.4198291418596045,1.9596527814865112
transformer_s0,val,0,15,0.16948042487104734,0.11493664064879615,0.3858925700187683
transformer_s0,test,0,15,0.4120373484989007,0.5454872286661486,1.9308879375457764
transformer_s1,train,1,70,0.8942301921014275,0.8574301521510669,3.802478313446045
transformer_s1,val,1,15,0.16276570682724317,0.1373336828260864,0.408680260181427
transformer_s1,test,1,15,0.29607018927733103,0.28284783412340964,0.9242575764656067
transformer_s2,train,2,70,0.31253691214535917,0.2953852091006595,1.5744450092315674
transformer_s2,val,2,15,0.14334439039230346,0.09603867721605336,0.36758455634117126
transformer_s2,test,2,15,0.2098513091603915,0.20340363863160646,0.7207876443862915
