split,vs,n,ode_mean,other_mean,mean_diff_ode_minus_other,wilcoxon_stat,p,p_less,p_two_sided,rank_biserial,paired_cohens_d,ode
val,nls_insample,15,0.15581424367924532,0.011963981021299743,0.1438502626579456,120.0,1.0,1.0,6.103515625e-05,0.0,1.3761272350451268,ode_clean
test,nls_insample,15,0.24544406930605572,0.01717130026805785,0.22827276903799784,120.0,1.0,1.0,6.103515625e-05,0.0,1.1812806057171563,ode_clean
val,gru_s0,15,0.15581424367924532,0.2200705183049043,-0.06425627462565899,26.0,0.027679443359375,0.027679443359375,0.05535888671875,0.7833333333333333,-0.6342586104993398,ode_clean
test,gru_s0,15,0.24544406930605572,0.3602601776520411,-0.11481610834598541,0.0,3.0517578125e-05,3.0517578125e-05,6.103515625e-05,1.0,-1.4852352110315035,ode_clean
val,gru_s1,15,0.15581424367924532,0.24896710167328517,-0.09315285799403986,13.0,0.002685546875,0.002685546875,0.00537109375,0.8916666666666666,-0.8704397599088656,ode_clean
test,gru_s1,15,0.24544406930605572,0.374680839975675,-0.12923677066961925,0.0,3.0517578125e-05,3.0517578125e-05,6.103515625e-05,1.0,-1.447195701348195,ode_clean
val,gru_s2,15,0.15581424367924532,0.25665062566598257,-0.10083638198673725,14.0,0.00335693359375,0.00335693359375,0.0067138671875,0.8833333333333333,-0.8377317350885671,ode_clean
test,gru_s2,15,0.24544406930605572,0.37553803324699403,-0.1300939639409383,1.0,6.103515625e-05,6.103515625e-05,0.0001220703125,0.9916666666666667,-1.2582656353194512,ode_clean
val,lstm_s0,15,0.15581424367924532,0.227370310947299,-0.07155606726805369,31.0,0.053497314453125,0.053497314453125,0.10699462890625,0.7416666666666667,-0.5260372863115107,ode_clean
test,lstm_s0,15,0.24544406930605572,0.19388321849207082,0.05156085081398488,97.0,0.98492431640625,0.98492431640625,0.03533935546875,0.19166666666666665,0.4005780894792222,ode_clean
val,lstm_s1,15,0.15581424367924532,0.22849963071445625,-0.07268538703521092,28.0,0.0364990234375,0.0364990234375,0.072998046875,0.7666666666666666,-0.5167509370903358,ode_clean
test,lstm_s1,15,0.24544406930605572,0.21489645509670177,0.030547614209353917,84.0,0.91558837890625,0.91558837890625,0.1876220703125,0.30000000000000004,0.3203590601020485,ode_clean
val,lstm_s2,15,0.15581424367924532,0.1559486492226521,-0.0001344055434068042,43.0,0.1795654296875,0.1795654296875,0.359130859375,0.6416666666666666,-0.001938585599040523,ode_clean
test,lstm_s2,15,0.24544406930605572,0.24621849233905474,-0.0007744230329990424,76.0,0.8204345703125,0.8204345703125,0.389404296875,0.3666666666666667,-0.012097951134535764,ode_clean
val,transformer_s0,15,0.15581424367924532,0.16948045268654824,-0.013666209007302917,50.0,0.29974365234375,0.29974365234375,0.5994873046875,0.5833333333333333,-0.1443447796346465,ode_clean
test,transformer_s0,15,0.24544406930605572,0.41203728367884956,-0.16659321437279384,63.0,0.5765380859375,0.5765380859375,0.890380859375,0.475,-0.31944326453861766,ode_clean
val,transformer_s1,15,0.15581424367924532,0.1627656010289987,-0.0069513573497533765,58.0,0.467041015625,0.467041015625,0.93408203125,0.5166666666666666,-0.05106685523783769,ode_clean
test,transformer_s1,15,0.24544406930605572,0.29607036486268046,-0.05062629555662473,50.0,0.29974365234375,0.29974365234375,0.5994873046875,0.5833333333333333,-0.20533892772420193,ode_clean
val,transformer_s2,15,0.15581424367924532,0.14334432234366734,0.012469921335577968,64.0,0.5980224609375,0.5980224609375,0.846923828125,0.4666666666666667,0.15270796583605623,ode_clean
test,transformer_s2,15,0.24544406930605572,0.2098513224472602,0.035592746858795474,79.0,0.861572265625,0.861572265625,0.30279541015625,0.3416666666666667,0.2545911631992698,ode_clean
val,lstm_clean,15,0.15581424367924532,0.20393953029480244,-0.04812528661555715,34.0,0.075714111328125,0.075714111328125,0.15142822265625,0.7166666666666667,-0.42655922814172736,ode_clean
test,lstm_clean,15,0.24544406930605572,0.21833272197594245,0.027111347330113254,95.0,0.9793701171875,0.9793701171875,0.04791259765625,0.20833333333333337,0.29611971551019073,ode_clean
val,gru_clean,15,0.15581424367924532,0.2418960818813907,-0.08608183820214536,15.0,0.004180908203125,0.004180908203125,0.00836181640625,0.875,-0.7893665079750964,ode_clean
test,gru_clean,15,0.24544406930605572,0.3701596836249034,-0.12471561431884766,0.0,3.0517578125e-05,3.0517578125e-05,6.103515625e-05,1.0,-1.3924427382555127,ode_clean
val,transformer_clean,15,0.15581424367924532,0.1585301253530714,-0.0027158816738261163,56.0,0.4234619140625,0.4234619140625,0.846923828125,0.5333333333333333,-0.027121237349987583,ode_clean
test,transformer_clean,15,0.24544406930605572,0.30598632366293005,-0.06054225435687437,52.0,0.339385986328125,0.339385986328125,0.67877197265625,0.5666666666666667,-0.2177203994400954,ode_clean
