split,vs,n,ode_mean,other_mean,mean_diff_ode_minus_other,wilcoxon_stat,p,rank_biserial,paired_cohens_d,ode
val,nls_insample,15,0.3984186150961452,0.011963981021299743,0.3864546340748455,120.0,1.0,0.0,1.7663481700458132,ode_clean
test,nls_insample,15,0.5815557095739577,0.01717130026805785,0.5643844093058997,120.0,1.0,0.0,1.6984310336600674,ode_clean
val,gru_s0,15,0.3984186150961452,0.2200705183049043,0.17834809679124092,120.0,1.0,0.0,3.2165493910161405,ode_clean
test,gru_s0,15,0.5815557095739577,0.3602601776520411,0.2212955319219166,119.0,0.999969482421875,0.008333333333333304,1.998088175587135,ode_clean
val,gru_s1,15,0.3984186150961452,0.24896710167328517,0.14945151342286003,120.0,1.0,0.0,2.535770067298549,ode_clean
test,gru_s1,15,0.5815557095739577,0.374680839975675,0.20687486959828275,119.0,0.999969482421875,0.008333333333333304,2.0372190671330928,ode_clean
val,gru_s2,15,0.3984186150961452,0.25665062566598257,0.1417679894301626,120.0,1.0,0.0,2.9718638168975877,ode_clean
test,gru_s2,15,0.5815557095739577,0.37553803324699403,0.2060176763269637,119.0,0.999969482421875,0.008333333333333304,2.418431143939391,ode_clean
val,lstm_s0,15,0.3984186150961452,0.227370310947299,0.17104830414884623,120.0,1.0,0.0,2.234784226244986,ode_clean
test,lstm_s0,15,0.5815557095739577,0.19388321849207082,0.3876724910818867,113.0,0.99957275390625,0.05833333333333335,1.3524714883598064,ode_clean
val,lstm_s1,15,0.3984186150961452,0.22849963071445625,0.16991898438168898,120.0,1.0,0.0,2.825346908118936,ode_clean
test,lstm_s1,15,0.5815557095739577,0.21489645509670177,0.3666592544772558,116.0,0.999847412109375,0.033333333333333326,1.5158707355185206,ode_clean
val,lstm_s2,15,0.3984186150961452,0.1559486492226521,0.2424699658734931,120.0,1.0,0.0,2.5742367308609166,ode_clean
test,lstm_s2,15,0.5815557095739577,0.24621849233905474,0.33533721723490284,115.0,0.999786376953125,0.04166666666666663,1.511933192703135,ode_clean
val,transformer_s0,15,0.3984186150961452,0.16948045268654824,0.228938162409597,116.0,0.999847412109375,0.033333333333333326,1.2750717769261983,ode_clean
test,transformer_s0,15,0.5815557095739577,0.41203728367884956,0.1695184258951081,91.0,0.9635009765625,0.2416666666666667,0.26420456508884116,ode_clean
val,transformer_s1,15,0.3984186150961452,0.1627656010289987,0.23565301406714653,117.0,0.999908447265625,0.025000000000000022,1.2590573334953068,ode_clean
test,transformer_s1,15,0.5815557095739577,0.29607036486268046,0.2854853447112772,103.0,0.994873046875,0.14166666666666672,0.7617730420219636,ode_clean
val,transformer_s2,15,0.3984186150961452,0.14334432234366734,0.2550742927524779,120.0,1.0,0.0,1.5692121589230483,ode_clean
test,transformer_s2,15,0.5815557095739577,0.2098513224472602,0.37170438712669734,111.0,0.999237060546875,0.07499999999999996,1.3157136660383295,ode_clean
val,lstm_clean,15,0.3984186150961452,0.20393953029480244,0.19447908480134274,120.0,1.0,0.0,2.905791976239126,ode_clean
test,lstm_clean,15,0.5815557095739577,0.21833272197594245,0.36322298759801513,114.0,0.99969482421875,0.050000000000000044,1.4616874924495804,ode_clean
val,gru_clean,15,0.3984186150961452,0.2418960818813907,0.1565225332147545,120.0,1.0,0.0,2.976572817635535,ode_clean
test,gru_clean,15,0.5815557095739577,0.3701596836249034,0.21139602594905432,119.0,0.999969482421875,0.008333333333333304,2.1405010336285883,ode_clean
val,transformer_clean,15,0.3984186150961452,0.1585301253530714,0.23988848974307378,118.0,0.99993896484375,0.01666666666666672,1.3879824151765068,ode_clean
test,transformer_clean,15,0.5815557095739577,0.30598632366293005,0.2755693859110276,103.0,0.994873046875,0.14166666666666672,0.6673056574780654,ode_clean
