track_id,channel,rgr_verdict,rgr_mean,rgr_early,rgr_late,abs_growth_mean,t_peak_abs_growth_h,t_span_h
5145,sigma_w,constant,0.0025210210152058106,0.002945080439476745,0.002257134383466365,0.1536576681523997,1722.4902777777777,1826.0
5145,sigma_h,constant,0.002171430489337176,0.002518872508431468,0.0017664902539380788,0.0761920738996109,1426.4902777777777,1826.0
5146,sigma_w,constant,0.002993740804335759,0.004839209592478977,0.0016085865024339633,0.21009582381177466,990.6333333333333,1632.0
5146,sigma_h,constant,0.0027474414901421415,0.0027672254488834733,0.0022519474977128954,0.2230434610640315,1120.6333333333334,1632.0
5147,sigma_w,constant,0.0036826747352900315,0.003556843477531406,0.00374878278069575,0.1806810127521333,932.6441666666667,1074.0
5147,sigma_h,constant,0.003910029397239516,0.00465938295801323,0.003455210228442207,0.16966493421006928,1000.6441666666667,1074.0
5148,sigma_w,constant,0.002683168081583987,0.0021918954389651183,0.00231011043344119,0.16168884569861647,1476.4005555555555,1648.0
5148,sigma_h,constant,0.0024300376215947075,0.0038738014489562143,0.002144534155251525,0.10555542246182001,1388.4005555555555,1648.0
5149,sigma_w,constant,0.0021828595385653456,0.0021310110048916977,0.002238221620435122,0.16746429450664457,1492.091388888889,1946.0
5149,sigma_h,constant,0.002239921828449003,0.003143090624685209,0.0009387745328564646,0.14163923319089594,1478.091388888889,1946.0
5150,sigma_w,constant,0.0031905757815448616,0.004274791532480557,0.0046275640449677784,0.16124469224030055,1007.5277777777778,1310.0
5150,sigma_h,constant,0.0025229381273098876,0.0016793352502825515,0.0024388049527176775,0.11908705298408599,1247.5277777777778,1310.0
5151,sigma_w,constant,0.0031911427150962497,0.006010823357587714,0.0026789552626807827,0.13707215733625408,957.8783333333333,1206.0
5151,sigma_h,constant,0.0032817888334080083,0.0037864491198631176,0.002451375838749897,0.17260445301224742,1071.8783333333333,1206.0
5152,sigma_w,constant,0.0034617727880226273,0.003988452998979562,0.003504848756520304,0.2180122413374184,1007.5997222222222,1158.0
5152,sigma_h,constant,0.0035227266759875328,0.005256238313340287,0.0023619466002559927,0.16575855957860908,1053.5997222222222,1158.0
5153,sigma_w,constant,0.002685949660502912,0.0028903120129861754,0.002494263560075994,0.21490050863714766,1620.0,1620.0
5153,sigma_h,constant,0.002451753411161129,0.003696132386132767,0.002025841460438394,0.19109081398741817,1572.0,1620.0
5154,sigma_w,constant,0.0023237299010058932,0.002874890658218778,0.0024003527057727386,0.1331855338167395,1340.7413888888889,1726.0
5154,sigma_h,constant,0.0021041614386965992,0.0015555296706782845,0.0014272700393162092,0.1277085917233783,1560.7413888888889,1726.0
5155,sigma_w,constant,0.0033230432952630535,0.004363583452301185,0.0022862954919869085,0.18485540626977798,870.0,1090.0
5155,sigma_h,constant,0.0030881529117229322,0.0038121065367406537,0.0023024302462984433,0.1631952010344669,870.0,1090.0
5156,sigma_w,constant,0.0036704883952120536,0.004417130373086901,0.003124361929728801,0.14211923258513523,910.7577777777777,1018.0
5156,sigma_h,constant,0.0030039173392201173,0.0030100259738025112,0.002563286721646814,0.12685930831283104,302.7577777777778,1018.0
5157,sigma_w,decreasing,0.0032716222672019863,0.005299297546852583,0.0017658632634818675,0.1782864177452148,925.7441666666666,1116.0
5157,sigma_h,constant,0.0035510284288711906,0.005423597053281872,0.002449287796510164,0.24929464339811572,1059.7441666666666,1116.0
5158,sigma_w,decreasing,0.0037026233258076065,0.0048197539200436216,0.001631488590213777,0.19933267034361013,776.8988888888889,1090.0
5158,sigma_h,constant,0.0036362997836557167,0.005657448209451852,0.003503290075008966,0.20170248366743557,946.8988888888889,1090.0
5159,sigma_w,constant,0.0031192745008644246,0.003510102355572025,0.002094140804243459,0.16607325959404776,1000.6044444444444,1192.0
5159,sigma_h,constant,0.00361531059337347,0.00393685759787372,0.0024020891649970473,0.21787906550156402,946.6044444444444,1192.0
5160,sigma_w,constant,0.004068738944674512,0.003766019237736525,0.003609192333045952,0.21839846466490404,755.5088888888889,952.0
5160,sigma_h,constant,0.00448049613890435,0.005380423656383751,0.003241807478117249,0.25463915883191396,551.5088888888889,952.0
5161,sigma_w,constant,0.00298574728539107,0.0038189184527399186,0.002075392624454462,0.15079441002105892,1101.7455555555555,1212.0
5161,sigma_h,constant,0.003159736666069571,0.004563945058830907,0.0029682891333300855,0.1678073112902974,1187.7455555555555,1212.0
5162,sigma_w,constant,0.0032628310556141256,0.0033419529587427528,0.0016497926363191098,0.1823472274245996,1059.0855555555556,1092.0
5162,sigma_h,constant,0.0034318164623100573,0.005252861290301613,0.003445848284814302,0.18646017559007858,1001.0855555555555,1092.0
5163,sigma_w,constant,0.0032899607952549753,0.003780448034109635,0.0012973308770312247,0.14904397383227058,629.5072222222223,1192.0
5163,sigma_h,constant,0.0031346866895084063,0.003826349863144085,0.003160970002869331,0.1473193290845304,943.5072222222223,1192.0
5164,sigma_w,constant,0.0027835009565183844,0.003328898544494826,0.0019510868631796208,0.11153643111045936,1174.8319444444444,1212.0
5164,sigma_h,constant,0.003246661159391267,0.006072587984456917,0.0026532701005968595,0.1262034872040495,1040.8319444444444,1212.0
5165,sigma_w,constant,0.0033615700495442506,0.004797842066802488,0.002873438055626005,0.12431211276025118,954.6227777777777,1092.0
5165,sigma_h,constant,0.0036025923178222836,0.00487770738740636,0.0020645722550319953,0.17160536618569927,1064.6227777777779,1092.0
5166,sigma_w,decreasing,0.003792660362658639,0.0061616836087994824,0.002011300130311426,0.20904482753642475,983.0847222222222,996.0
5166,sigma_h,decreasing,0.0038562092771379586,0.005799679519303521,0.0016904905085158757,0.15779151209971615,755.0847222222222,996.0
5167,sigma_w,constant,0.0019885703226519033,0.0026550641702359785,0.001678638549581578,0.105928823715962,1844.8305555555555,2304.0
5167,sigma_h,constant,0.0020745039473956746,0.002941909076850362,0.0021517052862293847,0.1344512621407883,1824.8305555555555,2304.0
5168,sigma_w,constant,0.002870680935289621,0.003445220614762069,0.0022343162427925323,0.13068355640095652,1290.6283333333333,1374.0
5168,sigma_h,constant,0.003110787927420394,0.003098473670783933,0.0028643110231637205,0.1727923570318817,1308.6283333333333,1374.0
5169,sigma_w,constant,0.002341428249528806,0.0038355084517875497,0.0013135174911025824,0.13682325637222786,1274.3861111111112,1740.0
5169,sigma_h,constant,0.0024960711332896717,0.0028149804479384683,0.0013355035052610227,0.18847365684345146,1308.3861111111112,1740.0
5170,sigma_w,constant,0.0024734829053010905,0.003496475986284369,0.0011324979445557003,0.13244820434434865,1218.5977777777778,1604.0
5170,sigma_h,constant,0.002576116717733082,0.003076958400403088,0.002235159547504939,0.19965010119295962,1286.5977777777778,1604.0
5171,sigma_w,constant,0.0031004686392342227,0.0039031434175619112,0.0009910464210732533,0.12236550983734819,977.0336111111111,1090.0
5171,sigma_h,constant,0.0034719500883365435,0.0055243419342232095,0.0018093491849717697,0.1538113315577953,641.0336111111111,1090.0
5172,sigma_w,decreasing,0.0044901239087332704,0.006658649185840634,0.0013598678328440579,0.16270938793009998,791.5947222222222,946.0
5172,sigma_h,decreasing,0.004233043151062942,0.007059937369066434,0.0023355223975308477,0.17621479632560372,909.5947222222222,946.0
5173,sigma_w,constant,0.0033609677180711874,0.004027393898398839,0.0020938221267649175,0.15635482980338702,1083.2747222222222,1220.0
5173,sigma_h,constant,0.003724836046325354,0.006102196006472282,0.003259795492789643,0.2260064456747637,1115.2747222222222,1220.0
5174,sigma_w,constant,0.003178552579295288,0.004761151164044666,0.0015152100977859075,0.10311875234340888,972.6319444444445,1114.0
5174,sigma_h,constant,0.0030624404455863617,0.0035355628679060993,0.0018428849997260896,0.0979755308365764,980.6319444444445,1114.0
5175,sigma_w,decreasing,0.004380604070125945,0.006270597853995508,0.0020941040795245222,0.15969127857724344,769.7441666666666,876.0
5175,sigma_h,decreasing,0.0042349808082186744,0.006036313475739553,0.0030960509944940365,0.1906850189752323,747.7441666666666,876.0
5176,sigma_w,constant,0.005844088759487168,0.005189858616085427,0.004846001831997115,0.2506612385359383,539.7441666666666,610.0
5176,sigma_h,decreasing,0.005313799669042448,0.007152664032165108,0.0036307082601230896,0.17753169125147747,551.7441666666666,610.0
5177,sigma_w,constant,0.004259137548231482,0.006425093521209116,0.003841780312691187,0.22248028574527626,665.2172222222222,852.0
5177,sigma_h,decreasing,0.0041843727042944,0.0050001998779481294,0.0017087649500499137,0.19792888068546163,489.21722222222223,852.0
5178,sigma_w,constant,0.0023656860614266425,0.003403076328055586,0.0017248611491591597,0.07983108715932696,1206.0,1206.0
5178,sigma_h,constant,0.002687923822537247,0.0023293435461890083,0.0036168228271594377,0.11955218963001066,1206.0,1206.0
5179,sigma_w,constant,0.004031858022413431,0.003940941754340474,0.002681404924530317,0.1666970588634064,745.3577777777778,910.0
5179,sigma_h,constant,0.0037647674673170354,0.005136742082715316,0.0019514137084718885,0.12969177981123597,733.3577777777778,910.0
5180,sigma_w,decreasing,0.003965239033151014,0.005269382747046736,0.001047814452418405,0.14272391732716277,525.5580555555556,862.0
5180,sigma_h,decreasing,0.004494904462595356,0.008279691195557206,0.0027286768046733533,0.17273468745121434,605.5580555555556,862.0
5181,sigma_w,constant,0.0034651658842924492,0.0047350816674761355,0.004342211733958341,0.14219364077500918,859.1280555555555,1020.0
5181,sigma_h,constant,0.0031744205870990355,0.003455034773759584,0.00202045169988021,0.09507139842312712,917.1280555555555,1020.0
5182,sigma_w,constant,0.0029393351315764966,0.0040982348071718945,0.0017076911187286702,0.23027260592148677,1429.3097222222223,1540.0
5182,sigma_h,constant,0.002531894407430934,0.002035816136662162,0.002094031002298423,0.19742636045767684,1331.3097222222223,1540.0
5183,sigma_w,decreasing,0.003868991170084445,0.005883100792574795,0.0026317620268254205,0.14434109117491753,655.3494444444444,1002.0
5183,sigma_h,constant,0.0036990901784538645,0.005026001417313244,0.0032782943621710047,0.13115082428844013,845.3494444444444,1002.0
5184,sigma_w,constant,0.0031616124566026297,0.004429844508640462,0.001631966286854137,0.2414064862771128,1141.0713888888888,1512.0
5184,sigma_h,constant,0.002457118602189167,0.003269981396448404,0.0013840015705389205,0.1471113366466287,1083.0713888888888,1512.0
5185,sigma_w,decreasing,0.004761616060303603,0.0066338590060490525,0.0044896650595514015,0.1699646162213811,528.8852777777778,780.0
5185,sigma_h,decreasing,0.004346699721698576,0.00728750318732628,0.0013230464694139773,0.11331125184522471,666.8852777777778,780.0
5186,sigma_w,constant,0.0034180730793034347,0.004945135427682991,0.0016362382690391542,0.14817628558015886,790.6216666666667,996.0
5186,sigma_h,constant,0.003560819175889265,0.004224637699629106,0.0031285877983403963,0.19481973004272762,880.6216666666667,996.0
5187,sigma_w,constant,0.0038203525726891907,0.003180077017754364,0.004797884793403639,0.20928277183891286,877.8744444444444,946.0
5187,sigma_h,constant,0.0038462648377987547,0.004463912932986484,0.0026174639824788804,0.14240959175440915,845.8744444444444,946.0
5188,sigma_w,constant,0.0042466233137559125,0.007557742725174514,0.004060540873579349,0.17652632416932382,931.4580555555556,980.0
5188,sigma_h,constant,0.0035582343757262825,0.0034539871298728637,0.002559052471862312,0.16817615527423094,931.4580555555556,980.0
5189,sigma_w,constant,0.003673859729613154,0.003692678866131679,0.0036200949176164255,0.14947258744677816,895.2797222222222,942.0
5189,sigma_h,constant,0.003781704848740921,0.003100780765382067,0.004165632540455029,0.1556750881492623,873.2797222222222,942.0
5190,sigma_w,decreasing,0.004732856378492451,0.005320345833265513,0.002660134602012845,0.22076895615080133,530.8872222222222,780.0
5190,sigma_h,decreasing,0.005438325829626938,0.008153890912843298,0.004536922773554254,0.24989873261936169,666.8872222222222,780.0
5191,sigma_w,constant,0.003297343188522573,0.005487489524249574,0.0016518730787327103,0.15055856868505382,1089.671388888889,1114.0
5191,sigma_h,constant,0.0030697244540707053,0.003256682188951118,0.002142109555201175,0.1446865151212679,1061.671388888889,1114.0
5192,sigma_w,constant,0.002799174320200267,0.00290775845713371,0.0018863707002109448,0.14682729926078952,1070.0,1188.0
5192,sigma_h,constant,0.002651383414461093,0.004932730603237991,0.0016384548110991016,0.1040395606954524,1056.0,1188.0
5193,sigma_w,constant,0.0032549904284203835,0.0034730573081178198,0.0009562547237790366,0.2069144084079973,662.0,1090.0
5193,sigma_h,decreasing,0.003319816044386976,0.005764666363838296,0.0024869788159806168,0.1774956982139116,1056.0,1090.0
5194,sigma_w,constant,0.003137875729703433,0.005484334004946585,0.002895209537951675,0.14751905636199272,936.3258333333333,1288.0
5194,sigma_h,constant,0.0031235945159600086,0.0035577863696437647,0.001712065007242674,0.20534247453301213,1064.3258333333333,1288.0
5195,sigma_w,decreasing,0.004402408843554682,0.006093952219607136,0.00136504715490239,0.20173454154863868,558.8888888888889,936.0
5195,sigma_h,decreasing,0.004003311508692393,0.0071937383974826725,0.002650100455624479,0.16496012802300658,764.8888888888889,936.0
5196,sigma_w,decreasing,0.0034938091423783613,0.006384016730112638,0.0010610783283759955,0.20845488548957547,1187.6730555555555,1212.0
5196,sigma_h,constant,0.0035763671237660356,0.004177232909597116,0.0020619237104631326,0.28143694245631284,1101.6730555555555,1212.0
5197,sigma_w,decreasing,0.0032975846914659068,0.005802483051177264,0.0018497454315789179,0.11722741384826693,1074.2975,1212.0
5197,sigma_h,decreasing,0.003080823772409178,0.0059186673764102075,0.00046034392556975684,0.08540358755913888,650.2975,1212.0
5198,sigma_w,constant,0.0033451344994532206,0.003268444809266256,0.003602750444194787,0.15445613979630649,1102.7572222222223,1188.0
5198,sigma_h,constant,0.0028367356650175765,0.00363343288138401,0.0019064884740715915,0.07517365225309972,592.7572222222223,1188.0
5199,sigma_w,decreasing,0.004461464656717705,0.0052903324338380514,0.0034340485495382225,0.16327724732004892,572.6230555555555,756.0
5199,sigma_h,decreasing,0.00507573004181543,0.007020912063258507,0.00446474378447454,0.16225221080950433,728.6230555555555,756.0
5200,sigma_w,constant,0.0030141726514085793,0.005548918373925685,0.0015950180752104905,0.10774744890560689,871.4069444444444,1176.0
5200,sigma_h,constant,0.003245516656901671,0.003915959150375515,0.00256748667136865,0.16163262425998923,1043.4069444444444,1176.0
5201,sigma_w,constant,0.004179204571196907,0.005381515535742398,0.003453637654174063,0.21270401321153085,777.9327777777778,1022.0
5201,sigma_h,constant,0.0034257223824077205,0.004238069172323506,0.0016807632835376305,0.1429041234890937,549.9327777777778,1022.0
5202,sigma_w,constant,0.003578022962930372,0.004535488244020421,0.003112059230760722,0.15795018656962026,882.4813888888889,1054.0
5202,sigma_h,constant,0.0034951263236229057,0.004921678931649485,0.002587745087761107,0.1367330612176194,624.4813888888889,1054.0
5203,sigma_w,constant,0.003530713207261558,0.00468774540283093,0.001248880918202831,0.17306060611863294,561.0794444444444,958.0
5203,sigma_h,decreasing,0.004300828245215347,0.006746698173975096,0.003699641730807765,0.24067412603142355,839.0794444444444,958.0
5204,sigma_w,constant,0.003107399931997947,0.0036234272885805325,0.0023358768942188966,0.1181093264050109,891.4494444444445,1078.0
5204,sigma_h,constant,0.003598174354923716,0.004564535300194312,0.0027969397717544637,0.14392216132480598,889.4494444444445,1078.0
5205,sigma_w,decreasing,0.0028295075793798494,0.005545081275704108,0.00027083277494134844,0.08408578200170892,887.7469444444445,1020.0
5205,sigma_h,constant,0.003423996057367035,0.005005252524535085,0.0021790546051514057,0.17489225249797238,791.7469444444445,1020.0
5206,sigma_w,constant,0.004588100781487518,0.005003455118195918,0.004957243540064521,0.21744589254976765,732.0925,780.0
5206,sigma_h,decreasing,0.0038827937198468196,0.005441299762861391,0.001095464691867145,0.1162148421633604,286.0925,780.0
5207,sigma_w,constant,0.003750301777717846,0.005529227684328126,0.003069235631110636,0.1632656594379738,810.7277777777778,996.0
5207,sigma_h,decreasing,0.0038425249705443722,0.006380741761515988,0.0015294134511504704,0.1281522193286808,732.7277777777778,996.0
5208,sigma_w,constant,0.0022871783582713895,0.0028326592641351005,0.0017935795811762352,0.18320092830281715,1704.3433333333332,1894.0
5208,sigma_h,constant,0.0021040122422872885,0.0014517628302607448,0.0017852098129684242,0.1358823033404259,1228.3433333333332,1894.0
5209,sigma_w,constant,0.0032202351836357643,0.004709011165365102,0.0018844907696364253,0.2612778890905262,1379.9494444444445,1606.0
5209,sigma_h,constant,0.0025187665031186674,0.004025608803701714,0.001082679885625686,0.13110063567579028,1135.9494444444445,1606.0
5210,sigma_w,constant,0.003655934276900301,0.005587467690375448,0.0020284155223952768,0.1457378319367371,702.0,996.0
5210,sigma_h,constant,0.0028732836885315242,0.003990185318848708,0.0016196419816901007,0.12144417062707484,996.0,996.0
5211,sigma_w,constant,0.0031631273263741174,0.0032551032255687916,0.002526940756754148,0.15023664307756313,784.0,936.0
5211,sigma_h,constant,0.003472406791007064,0.00450807824800162,0.0029682608142944885,0.16893556897464418,902.0,936.0
5212,sigma_w,decreasing,0.003814777690939353,0.006264705573439615,0.002028557666791777,0.17284753256972651,694.0,900.0
5212,sigma_h,constant,0.003248106960013772,0.002886668917223853,0.0026661939988948057,0.16914625429666036,900.0,900.0
5215,sigma_w,decreasing,0.004784078327771446,0.005691158759973926,0.0017867876798532162,0.1250170109840908,616.6788888888889,648.0
5215,sigma_h,decreasing,0.0039559928572636795,0.006717075364465735,0.0033633267968037122,0.08139514473170294,430.6788888888889,648.0
5216,sigma_w,constant,0.004516011951144536,0.006405868539835166,0.004218916599309832,0.2839404018989611,852.0,898.0
5216,sigma_h,constant,0.0040709650890634495,0.004011863593625679,0.002213492419941998,0.2404951052282205,768.0,898.0
5217,sigma_w,decreasing,0.005002284689478094,0.006827913133814978,0.0025339458016063825,0.2059696421677977,638.0,694.0
5217,sigma_h,decreasing,0.004768122562037903,0.005380525070046521,0.0027574368245599362,0.23016883608543454,660.0,694.0
5220,sigma_w,constant,0.0036731626942798053,0.004743083799355595,0.0022369029296789482,0.25647446683810654,775.4255555555555,1068.0
5220,sigma_h,constant,0.004198074755921329,0.005703465296363799,0.002417241644483014,0.34522083152978006,1031.4255555555555,1068.0
5221,sigma_w,constant,0.005315675387901055,0.004688476222647436,0.004983359658898007,0.3650869205787286,476.0,624.0
5221,sigma_h,decreasing,0.005276974139684783,0.0059557219553126,0.002795019086524184,0.25455512346238257,624.0,624.0
5222,sigma_w,increasing,0.004263443139901016,0.0010395278976854552,0.007294161166246797,0.09969593076166038,362.0,384.0
5222,sigma_h,decreasing,0.00606016322193666,0.008024857012725456,0.003521535563105963,0.11297214011432885,252.0,384.0
5227,sigma_w,constant,0.004195337406664342,0.005120350965534163,0.0023793071140026582,0.26947865642290997,532.7827777777778,850.0
5227,sigma_h,constant,0.004612663764832483,0.006971429054617646,0.004436400284284359,0.25587411054359677,672.7827777777778,850.0
5228,sigma_w,constant,0.0042362057414934776,0.004276235819521777,0.00462952393011293,0.30107380737639877,848.0,900.0
5228,sigma_h,constant,0.003914973907758898,0.004285355664403536,0.002896092195806728,0.26025318018169386,680.0,900.0
5229,sigma_w,constant,0.0032907541667571735,0.00453443065058392,0.0028894200610202433,0.2119363640299074,930.0,1044.0
5229,sigma_h,constant,0.003606967327787641,0.004139010423683278,0.0030195890039024843,0.27871362171037817,948.0,1044.0
5230,sigma_w,constant,0.00409219304685133,0.0039986854797419485,0.00297516682275344,0.32541278613716895,839.8061111111111,1008.0
5230,sigma_h,constant,0.003969285919142465,0.006017426829371263,0.003968193656353007,0.2384558153499758,971.8061111111111,1008.0
5231,sigma_w,constant,0.0033876153017115746,0.0049909638226904775,0.0033102743196042434,0.22420566382128693,1008.0,1068.0
5231,sigma_h,constant,0.0025867857723163397,0.0025517528872881726,0.002588364610186365,0.15267011088830712,990.0,1068.0
5232,sigma_w,constant,0.004128334198139107,0.00379013737397849,0.002217875281520209,0.23193317010350023,438.0,720.0
5232,sigma_h,decreasing,0.0036756285444582556,0.0043035621164243774,0.0005185633203926784,0.1384283102153498,570.0,720.0
5233,sigma_w,constant,0.00410428686056993,0.0034477726973920525,0.0033020221128479284,0.31523467147220674,972.0,972.0
5233,sigma_h,constant,0.004005678837689342,0.006307375049690349,0.003026323554814088,0.23620621424863703,938.0,972.0
5234,sigma_w,decreasing,0.0044532180528898185,0.006780985070540867,0.0026136583296929206,0.25466213737659504,600.0,898.0
5234,sigma_h,decreasing,0.004463311848353116,0.005517521395838844,0.0028936135611062996,0.26802904147036977,898.0,898.0
5235,sigma_w,constant,0.0029860940439273933,0.00499070436611079,0.0019705424898561683,0.20161947645295442,1044.0,1068.0
5235,sigma_h,constant,0.003293144494553227,0.0045446130562167815,0.003535014688763027,0.23908812411368327,1068.0,1068.0
5236,sigma_w,decreasing,0.005277189867586231,0.00865211205858328,0.0034774829167950817,0.2877119167545147,649.2944444444445,768.0
5236,sigma_h,constant,0.004957109088831405,0.00550525808267664,0.003704915587661009,0.2875341880432032,585.2944444444445,768.0
5242,sigma_w,constant,0.003954138146662886,0.004973324022814207,0.003066688988019162,0.39617884922046837,576.0,996.0
5242,sigma_h,constant,0.0033755215712944924,0.004453775420473543,0.002985963979659218,0.25899419305547094,694.0,996.0
5243,sigma_w,constant,0.004588863754010953,0.005440940062852131,0.003941358722938787,0.23968952350493972,562.0,720.0
5243,sigma_h,constant,0.004104681078088712,0.001859397120023834,0.002836196167930848,0.2709671365035249,702.0,720.0
5253,sigma_w,constant,0.003800162609966289,0.0037926281926806134,0.003271186574363969,0.2844263826355196,870.3811111111111,992.0
5253,sigma_h,constant,0.004302417490874224,0.006508540131071437,0.0028222753176641953,0.2844720772689812,742.3811111111111,992.0
6300,sigma_w,constant,0.004210869896061326,0.005768100129944272,0.0029527743559333106,0.14393734946342318,576.7366666666667,864.0
6300,sigma_h,constant,0.003888953794060613,0.003585572877788239,0.002965781418921303,0.17178844652723718,698.7366666666667,864.0
6301,sigma_w,decreasing,0.004028392962582068,0.004838627763496786,0.002287891271351484,0.1887365796949945,695.3297222222222,994.0
6301,sigma_h,decreasing,0.0041354789170754,0.007200028544585531,0.0024391047297777466,0.16776779807429484,947.3297222222222,994.0
6302,sigma_w,constant,0.004240538122439072,0.004429554315608684,0.004093836651374296,0.23032174106200362,947.7472222222223,972.0
6302,sigma_h,decreasing,0.004025845193124993,0.006013172958847302,0.0019616824627503027,0.1760935841804085,645.7472222222223,972.0
6303,sigma_w,constant,0.0040476525181248075,0.005364407947536555,0.003210285205972047,0.1737209042223127,958.6027777777778,1020.0
6303,sigma_h,decreasing,0.0038028449977975244,0.006252870446301871,0.002358603014641203,0.1302262478472801,950.6027777777778,1020.0
6304,sigma_w,constant,0.003144911862240644,0.00425328983762083,0.0021269703705487667,0.16556289474544772,793.7472222222223,1212.0
6304,sigma_h,constant,0.0028552310819238455,0.004401195063475817,0.0015383466649677806,0.13597686642889695,1131.7472222222223,1212.0
6305,sigma_w,constant,0.004115537486825544,0.006228020219144349,0.002775359542594255,0.22556129051596752,630.0938888888888,1020.0
6305,sigma_h,decreasing,0.00395638363007282,0.0056080484082266105,0.0022383814051690543,0.15315068652508382,720.0938888888888,1020.0
6306,sigma_w,constant,0.0037389119925998423,0.00397624808621279,0.0035764274576261315,0.14509691205821648,732.3466666666667,756.0
6306,sigma_h,decreasing,0.004846860747502001,0.005889611984228679,0.0033765108394087965,0.21608991343430986,576.3466666666667,756.0
6883,sigma_w,constant,0.0026994138883810774,0.002534127678500343,0.005105382119197974,0.05454047776901167,542.6319444444445,920.0
6883,sigma_h,constant,0.0022756819754096626,0.0005094828746975847,0.002092337023656193,0.036998477151904345,706.6319444444445,920.0
6916,sigma_w,constant,0.002263800413829408,0.004176079308587322,0.0020225368005499945,0.05330745680652459,1319.0075,1390.0
6916,sigma_h,constant,0.001898139879539683,0.0044775170857647584,0.0011235712156496013,0.03559318464881086,251.0075,1390.0
6917,sigma_w,constant,0.005352779173786835,0.0023105831034472765,0.00302483833177315,0.13784326913715933,248.0,384.0
6917,sigma_h,increasing,0.004287270866954174,0.0043260568215573465,0.0058586955735713785,0.10621213569032796,316.0,384.0
6922,sigma_w,decreasing,0.0048680883982057535,0.006120836577827978,0.0019773682110740365,0.16442184849503064,467.9816666666667,828.0
6922,sigma_h,decreasing,0.004840016234551534,0.0064799729295576605,0.004405840960728594,0.17284666054829909,767.9816666666667,828.0
6923,sigma_w,constant,0.004122651562398554,0.004071059080289758,0.0026739473275898236,0.1845923148777216,590.0,624.0
6923,sigma_h,decreasing,0.004635223556870952,0.00644508806045151,0.002328633655504689,0.13401984172817585,360.0,624.0
6924,sigma_w,constant,0.0038698464028641077,0.002889655415237982,0.0024045802568558356,0.17660993813182713,694.0,720.0
6924,sigma_h,decreasing,0.004703779952500238,0.0056236086605306575,0.0032749501347830658,0.22672991581717014,676.0,720.0
