track_id,channel,ok,K,r,nu,z0,t_inflection_h,z_inflection,mse
5145,sigma_w,True,575.23319106779,0.0036005711638403444,0.9420863786130044,1.1165219101545543,1687.5793260758753,284.3507869859362,246.83928368151632
5145,sigma_h,True,211.84750000053234,0.0035991391083834367,1.9503236857873159,0.9000000000020026,1358.694319910015,121.64787616239767,244.0470296052001
5146,sigma_w,True,376.1826885764713,0.003273862436236885,2.658216602585498,3.6830078442802954,1265.407961000144,230.94114760945357,200.95418067969942
5146,sigma_h,True,375.2150000000558,0.0031387189872280116,3.999999999746438,4.227764662276531,1283.4045303704543,250.92139352854676,293.9529861291546
5147,sigma_w,True,231.37224010271302,0.0049054159897207305,3.688476212603732,1.5681705569308075,872.5895579913154,152.1895072484413,91.4110036694184
5147,sigma_h,True,1607.9999812952206,0.003499050681977925,3.0775417090014483,4.038918824220882,1533.2228443995666,1018.4657593596564,70.1454332011615
5148,sigma_w,True,358.04362763216136,0.004137000468418936,1.169107391994663,0.9000001156984989,1326.853544483547,184.62767491417682,51.45964639355062
5148,sigma_h,True,223.41141715424035,0.0020009727512862417,3.999999999946393,7.499999999996877,1435.4288233632574,149.40421924253616,80.74099825198434
5149,sigma_w,True,334.81500000005883,0.002828917407798257,2.1724868835509086,2.600973926236113,1460.9983863205575,196.79296668937008,315.81975710160543
5149,sigma_h,True,395.3496209794583,0.004640539882544734,0.6204925694411446,1.0500265383211216,1305.036919792196,181.5972892250542,967.3316395683303
5150,sigma_w,True,278.93353867566367,0.004071409780110365,3.237239213352543,1.1386286537083405,1199.5652128318775,178.56303028348597,128.9589645138087
5150,sigma_h,True,202.3902253869307,0.0036782860659467145,1.5981822339060952,2.5269432659972617,1049.2532326882545,111.3592382065401,39.39630117965158
5151,sigma_w,True,246.09433992041144,0.0026893144167255945,3.999999999999919,7.499999999780585,1109.0380686233857,164.57320393134657,114.1208508222969
5151,sigma_h,True,1744.2213337032608,0.0029887594838759247,3.2193405263661647,5.677392441192024,1734.736300929468,1115.286597528065,214.896396035836
5152,sigma_w,True,287.3735534134421,0.003701048392610755,3.999999999998901,4.172118709371817,993.5144882885381,192.17827775185268,242.71504093139436
5152,sigma_h,True,220.6850000008145,0.003471171592369659,3.3485746109826477,4.97671041761303,932.0429658799143,142.27886167015248,170.50176818979062
5153,sigma_w,True,430.7763343148587,0.003089189985597761,1.269746491456861,5.074587828720144,1375.9128678963255,225.89090506880945,115.0754631426731
5153,sigma_h,True,1039.7577230380857,0.00196580331321464,3.9999641052202457,10.395634144210153,2166.4337394127906,695.326634145947,491.41350976332154
5154,sigma_w,True,252.4743333080873,0.002927741890461715,3.9349665382232577,2.2114170046639186,1430.0335241420732,168.27968564773937,146.65938770175012
5154,sigma_h,True,586.4393555184793,0.005155371320403805,0.2500000000028828,2.8309154685870666,1803.5033664848017,240.2055600206255,196.69039592789002
5155,sigma_w,True,223.90926688658402,0.0038326521126739303,3.999999999999987,5.106225738164282,896.0392501544717,149.73715142478116,51.04379503196093
5155,sigma_h,True,207.44436082278983,0.0031323640033333977,3.9999999999996687,7.61947196100237,944.2012626278765,138.72640512226909,103.30711174274403
5156,sigma_w,True,1307.9999759125997,0.00350633408205624,3.2298977276138325,4.357978866133268,1452.071512870866,836.9344032354771,44.480662217655755
5156,sigma_h,True,362.56066095026404,0.007396389728535795,0.2500000000132709,4.515764503159631,1051.5367781385726,148.5048467259579,32.81671646171169
5157,sigma_w,True,342.840173874557,0.00933723121642317,0.2500000008710109,5.933735275954405,811.0740420936381,140.42733526431095,275.1487175820694
5157,sigma_h,True,2317.8210893657288,0.0025681798247649988,3.612767287325418,12.30928047237186,1876.892933212579,1518.0914161809933,494.1136644143876
5158,sigma_w,True,241.39000000000013,0.005063680303346875,1.4353792916451835,3.734025728893659,736.1249419027275,129.8392690112516,73.2929940249547
5158,sigma_h,True,373.2189127579051,0.0034207867632084867,3.9999999999999782,5.917979296645978,1073.0518291770932,249.5865295406898,112.48739595861394
5159,sigma_w,True,1645.9999692663741,0.0029699990945069076,3.1785592163741017,5.001868481714002,1691.719605535877,1049.6630977161715,502.10404321564
5159,sigma_h,True,2109.999999998308,0.0037297044925861354,0.534339269494982,5.792013989392083,1736.4848581498034,946.9697403461693,93.4918992048515
5160,sigma_w,True,1661.9999948024463,0.006694563369028753,0.25000000361856406,3.5868250948793494,1451.7131085563315,680.7551987832549,97.52271291805829
5160,sigma_h,True,492.3152974297362,0.005939243238982031,0.7955496951636455,2.7868435692096694,767.6270412327334,235.89518057794467,114.95097492012638
5161,sigma_w,True,1498.348656460574,0.004381820502208808,0.2500455845568901,7.099535518849683,2184.6166213535967,613.7339690590321,139.85236274020014
5161,sigma_h,True,219.17000000014914,0.0029675001809414438,3.9999999989431902,6.862664594569859,1026.1846027392942,146.5678126339461,65.12976408177217
5162,sigma_w,True,209.57500000394427,0.0064419237451611875,0.6522402861598801,2.9265421448479314,736.6834193793526,97.049786438082,131.4426409555078
5162,sigma_h,True,1753.053931556316,0.002970950532479653,3.411041343191589,7.9076350333182,1684.0396026314859,1134.5874805267867,146.3318823176464
5163,sigma_w,True,218.20201605344457,0.006709394840733689,0.7340370173927099,1.0862044120380974,700.4488513092393,103.0819413461061,140.5864236353542
5163,sigma_h,True,217.1500000001379,0.003256007052280969,2.9859771961342747,5.0202173039975015,895.9631852538141,136.6600208714025,120.19673717884956
5164,sigma_w,True,272.1294465514054,0.004001438482053578,0.48629494096707004,7.1545059145824705,1146.6091689099994,120.46608715584479,23.039429329450616
5164,sigma_h,True,219.73515907766114,0.0026891994848771235,3.9999999995292472,6.999999999765426,1115.5686675648265,146.94575729213815,125.62378805212775
5165,sigma_w,True,199.21474757783844,0.003305929740094191,3.9999999999999996,4.879029353857098,989.8444562183066,133.2229310510046,138.5030516576585
5165,sigma_h,True,329.88131306073865,0.004541762518149815,0.6698988869392589,4.346616951261707,1038.9300463095237,153.43843172545627,70.30102131900526
5166,sigma_w,True,237.35000000069468,0.005046730338538541,1.168771262955308,5.857496731739356,691.8975053160431,122.38408656101643,255.2741029851426
5166,sigma_h,True,199.72750000344485,0.004332289691350839,1.7043800261279218,6.1098789703817955,719.414288010061,111.4124011337035,114.71478561925782
5167,sigma_w,True,336.28898644336243,0.0018067492574239182,3.9999999999937437,4.53874916723238,2153.9181090160823,224.88999935427486,188.52166200995794
5167,sigma_h,True,531.3642934638567,0.0023405517198352497,3.1820922432083134,1.6267368954892254,2280.705042833263,338.93315441948977,188.35302192312236
5168,sigma_w,True,292.14250012113496,0.003410671985987493,3.898225390981101,2.5865916239136815,1236.2141554120044,194.34849359457456,223.72698520411782
5168,sigma_h,True,777.6485917556312,0.0028273930895734503,3.5821737936891425,4.544701632890425,1645.3935920737194,508.43868503078517,81.5954209165443
5169,sigma_w,True,259.82250000000005,0.0027162544951733754,3.857755221483591,5.184442907150661,1264.6231090912195,172.48058415446874,196.2705417178305
5169,sigma_h,True,333.80500000003275,0.00343881705693126,2.218929548188706,2.7766964183204115,1240.6461974653719,197.0986492928053,138.2826071861615
5170,sigma_w,True,421.15064752497864,0.005732818840919356,0.2500000000000001,6.389466084717459,1350.8529281590309,172.50330522623133,312.1170806614975
5170,sigma_h,True,978.4872475607909,0.004434441037866133,0.3719591303423037,3.3380944445906326,1757.092806733995,418.1363259101217,156.17082334515192
5171,sigma_w,True,1026.2158398685256,0.002526490160220193,3.863543719494216,8.72244355337046,1711.6664279737538,681.451412137125,215.71617285999432
5171,sigma_h,True,387.1100772768482,0.00792911781159712,0.25001116979322063,4.641184919856349,1017.5474641786901,158.56094347735046,97.60685957340986
5172,sigma_w,True,211.84750000001142,0.013582810453940412,0.33320704961822006,0.9054111291651925,568.8912225065556,89.3693362508691,114.83103849349611
5172,sigma_h,True,375.87876890853215,0.007749128960305376,0.2500006139897136,7.497841581122004,941.071426401701,153.9599787490195,73.4005710222001
5173,sigma_w,True,1366.685882345184,0.0052720876712566,0.2500150684870465,4.480252844367201,1884.5437437897822,559.7976609404833,104.93299152790927
5173,sigma_h,True,2185.1708269255987,0.0033369120235557633,2.9854062727826385,4.527689405317958,1697.2675268033079,1375.1479296785499,265.3483072463409
5174,sigma_w,True,388.59819830759426,0.0062451442941335415,0.25000428532166824,4.770885474537357,1223.82968670933,159.17007460360105,54.05268424939995
5174,sigma_h,True,140.64250000000013,0.004379114596892384,1.8388326871201137,2.1425753843158724,770.4228699906926,79.74227332897253,30.910096900909302
5175,sigma_w,True,180.51903524645994,0.011586777378175636,0.29194081696296886,3.3245354541214227,574.1013054662524,75.07198486288881,42.15413498993599
5175,sigma_h,True,190.38500000000147,0.00491643536354431,3.050013187596922,3.844497983947811,695.1237158032446,120.35594423981559,107.46380354064334
5176,sigma_w,True,1237.9893466628046,0.005416782226526387,3.393772841577652,5.4315996995746225,911.5314510619606,800.3871451914591,50.949700678210945
5176,sigma_h,True,147.51818200347492,0.005196750305945463,3.9999999999996003,6.64416619219406,505.62100305858945,98.65135402256915,30.05976911468484
5177,sigma_w,True,838.4346007947328,0.003990292004828948,3.9040161242248765,7.48669012795513,1082.259085143006,557.9390450441053,104.49721630476174
5177,sigma_h,True,222.92302188249084,0.006798902486812016,0.8345066495221319,4.054182056450357,602.1410832032601,107.73985406442561,71.1815213234508
5178,sigma_w,True,238.5807428397073,0.00574577090701927,0.2500000000004311,5.502025831834158,1277.3918417412808,97.72267226715968,22.054750269857493
5178,sigma_h,True,1239.9999193251408,0.002970702691036022,3.162501693639225,3.651496254401615,1839.181790418653,789.9115533285545,68.52698104996898
5179,sigma_w,True,169.6053924270172,0.005981431766452372,2.32648392634571,1.6551375742125753,640.6733178390497,101.17494933408236,99.85266102089184
5179,sigma_h,True,154.44213089063243,0.012534086583651433,0.25000000000003253,2.960653269420495,536.7450321639915,63.259496812803825,20.745610845016703
5180,sigma_w,True,128.77500000000003,0.00668248403995473,1.3851601189394955,3.156911202998098,494.6762345680327,68.75229925967135,75.36981423127887
5180,sigma_h,True,292.7885537616446,0.009694949339306253,0.2500000000000005,6.536603899860037,738.0808701800643,119.92619162076967,37.691941626872165
5181,sigma_w,True,185.88070334479482,0.004235424605029159,3.9999999999999507,2.5931591762958113,853.9901680499325,124.30591824402961,80.56717766275973
5181,sigma_h,True,831.6070611027238,0.005161601157587841,0.2500564721084831,4.637612264788972,1759.1376582864184,340.63337506980884,49.71357671998365
5182,sigma_w,True,356.530000001547,0.004841169713840795,1.4937511604632954,1.1250000003753844,1061.3055324270224,193.38400931660757,232.87901508870087
5182,sigma_h,True,644.5882681819772,0.0023035403898549398,3.999999998837155,9.6777627141537,1599.6083426474875,431.0621550228806,265.3779957976041
5183,sigma_w,True,155.79250000006525,0.003607113935081853,3.6266551341228883,5.873893292100941,759.6292431151453,102.11941910971521,16.05918950383859
5183,sigma_h,True,399.14994162817055,0.004386477368607108,3.4540227496967204,1.9275074521404922,1083.3439099844436,259.0066376747968,182.480214561087
5184,sigma_w,True,1402.633652721113,0.004978970847211419,0.25000000000555817,6.999999999999999,1809.0955654095499,574.5187441557503,511.4474991892524
5184,sigma_h,True,236.84500000000003,0.0032767583897206133,3.9999999999997655,4.272492470574916,998.6641363396888,158.38779753213882,113.35509957387183
5185,sigma_w,True,193.69186552839332,0.004041476848979822,3.999999999999809,6.139486907484018,731.1572918449903,129.52955722490861,40.13883988548941
5185,sigma_h,True,140.44866398244412,0.01455478775759079,0.25000000000506295,3.4496583752950793,460.0280955397587,57.52777276731695,40.764799415062996
5186,sigma_w,True,344.3216000820491,0.007878533461565775,0.2500000000000357,6.222242497205117,953.9879299616812,141.03412739360914,87.151841751259
5186,sigma_h,True,1620.5084933144612,0.003341096057539019,3.413123987077515,7.334711632078349,1480.5694711052977,1048.9366459743242,73.19296801312878
5187,sigma_w,True,1429.6896557407888,0.0037455063374604173,3.188336493091612,4.4208360092682435,1377.664229217363,912.3105129600114,89.08779397992976
5187,sigma_h,True,303.5448895556769,0.009861725838776871,0.250000000000172,2.4013826940840626,841.2519430003383,124.33198676201322,33.85181014518801
5188,sigma_w,True,1499.8656504411829,0.0035208883604716293,3.1876264850789586,4.476918177025377,1499.50933341863,957.0462052305076,113.52763351712683
5188,sigma_h,True,179.05451148182178,0.004651956163117016,1.558002734900738,4.110309750741914,701.206688281038,97.98849108298096,36.76932982851104
5189,sigma_w,True,207.55500000003852,0.004347848430721569,3.999999988074172,2.951426744444637,851.7779405081482,138.80039391566513,114.00466147377992
5189,sigma_h,True,1283.9999999984834,0.0039009974864577805,1.1233116979214675,4.0815785731934815,1400.6894650369736,656.8243602504,58.42301772188948
5190,sigma_w,True,189.62750000000003,0.006663358973594438,3.620246703058299,2.8444686585427292,539.820133868595,124.25236670914241,63.6250485327572
5190,sigma_h,True,1737.9999101613785,0.004849300077641217,3.1076329362516324,4.326336607911659,1124.06629748054,1103.070136538628,257.6664764446453
5191,sigma_w,True,191.39500000000004,0.002887198030363068,3.9999999999940674,8.615749912130768,929.597235369138,127.9935506709239,137.30716271212995
5191,sigma_h,True,1411.0555886979046,0.0022651060826480054,3.8289436819974703,11.485851176073119,1944.822107711776,935.2837573330268,380.72697682594077
5192,sigma_w,True,1533.999999999992,0.0033406355564240607,0.37096529012016316,9.954489375123567,2172.9265025597883,655.3106782037316,106.64326761760368
5192,sigma_h,True,477.5874002832908,0.005498779324614733,0.25002118569146176,7.244074105491732,1455.6597610528806,195.62133378058087,43.48265757366586
5193,sigma_w,True,279.9694116969675,0.008948103477850248,0.3852946229405588,2.65409717903953,744.5584086375964,120.15719046667145,249.39758354968222
5193,sigma_h,True,258.8125000000424,0.0030729850229242383,3.9999999998085594,11.14696821676129,910.6330938061783,173.07835018006233,222.16215839361806
5194,sigma_w,True,237.71533195177724,0.0029740501494891426,3.9999999999999996,5.771906371225859,1005.9643422139966,158.9698235870029,262.5612465182799
5194,sigma_h,True,291.675757343371,0.007302774950831579,0.5257702957904906,1.4250000000000067,752.0795578431743,130.58979220319702,309.9597378912838
5195,sigma_w,True,193.92000000000004,0.007269421987600776,1.2648347900929742,2.1104909848902613,558.8335346283033,101.60724044259904,150.51495856585942
5195,sigma_h,True,661.8082770951014,0.0072801992818663525,0.2500000000294268,6.798473573949325,1142.8614132654634,271.07667030110747,183.04360444086382
5196,sigma_w,True,248.9650000002958,0.004338269338615432,1.3019293950251223,6.537890426637558,766.3773553729632,131.22565879883015,245.05049397201722
5196,sigma_h,True,2993.9999994298455,0.003785102985172694,0.3906056594185774,10.499999999991541,2026.2305396648926,1287.1567039808035,610.8894690597334
5197,sigma_w,True,585.9178571869166,0.0051974184713823495,0.25000000002771694,6.4999999999999964,1579.3197998361422,239.99195430622422,29.927724292818365
5197,sigma_h,True,111.60500000000002,0.003393903752437508,3.629837848152835,6.21716356134195,694.4825595389277,73.16847549235938,9.940916357256969
5198,sigma_w,True,1467.8189675304543,0.0036337409197654204,2.8438338805091865,2.2241969993129085,1600.2437603877747,914.2122773501308,65.31422839170168
5198,sigma_h,True,245.63993177470974,0.006724795549987744,0.2500016919264804,2.7971023399881703,1169.572018849654,100.61417909113553,4.587396893585742
5199,sigma_w,True,154.78250000000597,0.005874464035234885,3.9999999997818665,3.1831875247443677,574.8165813675813,103.50929625387477,47.61331153680969
5199,sigma_h,True,995.1740513098588,0.006451584684509809,0.250006589223323,6.021916721532972,1421.0389106676382,407.6242860021413,60.28045288467085
5200,sigma_w,True,259.86176026287995,0.007426654332835244,0.25000000000007466,6.061668520234292,971.1618387658239,106.43937700367859,63.57703134010852
5200,sigma_h,True,1603.9999582422615,0.002783592202611264,3.367886735435187,6.751975775166039,1821.11850997837,1035.3653673086028,140.71568149723572
5201,sigma_w,True,1760.8539197911225,0.0032962694816250065,3.3671923234763046,6.997432687628302,1469.5987560764972,1136.5640371720158,144.39128768422535
5201,sigma_h,True,167.66000000000003,0.004509241927965975,3.5526025135182975,3.888459818896326,657.512784844807,109.43091254492768,64.25889133740519
5202,sigma_w,True,1341.999999965933,0.003128725037892489,1.20617140509006,6.750013834550753,1557.9040020921348,696.3886302181464,19.411023956149677
5202,sigma_h,True,613.0655109729697,0.006564452671516752,0.2500000000001044,4.546470829518874,1296.6151888100692,251.11163329453814,19.31169339335846
5203,sigma_w,True,174.47750000000002,0.005767506376646653,1.2112977970950098,3.642603711088763,631.15906482857,90.61752119656649,105.96316463070451
5203,sigma_h,True,1833.3187765971322,0.003346498992217246,3.48109391605048,9.21354716070265,1463.7214332167066,1191.5643000086154,98.45311436169126
5204,sigma_w,True,1092.7723615482778,0.0026922838623058094,3.7318465093469007,7.849326168046844,1581.7822166339115,720.5197393726834,64.69608749941344
5204,sigma_h,True,1413.9999999999875,0.004081142315606466,0.48308896035351145,4.412687083221566,1629.9779719002279,625.3616250390382,194.6359340619324
5205,sigma_w,True,115.39250000000001,0.01639264128299381,0.2500000000010421,2.4544625598989804,431.51346436342243,47.26476800001825,24.851891288060454
5205,sigma_h,True,192.2135018933398,0.003867398005849862,3.999999999999969,5.706737308923212,795.5191771087419,128.54091587673796,91.95565559569924
5206,sigma_w,True,179.0225000000017,0.005117960130227501,3.1692845393080282,4.117424186879765,618.0448501420967,114.09338167863409,66.1121444095548
5206,sigma_h,True,103.7775000000005,0.0060575897245497,1.9089151179927928,4.370104281249607,418.8670645326264,59.31630578169577,18.795949043645432
5207,sigma_w,True,246.03344651021982,0.003558961425270598,3.9999999999999982,5.571387922032878,929.6530180062696,164.5324820536446,34.452750512560584
5207,sigma_h,True,132.31000000001208,0.004503195533884007,2.8047615602663103,4.354141874281323,639.2013152662709,82.16459641216218,16.38818979401056
5208,sigma_w,True,607.7304439222518,0.004052982155021548,0.5720118899948153,1.350641014823738,1657.3108865270765,275.5902759030871,556.3132877309077
5208,sigma_h,True,331.6645827915987,0.0022132131642359928,3.9999999999996296,5.126903922358726,1649.7181156504882,221.79747424592733,165.58833029145688
5209,sigma_w,True,2344.5746521432684,0.004684840744551818,0.27262966769027586,4.488906871385748,2136.485188030683,968.3205064897821,297.8884018970248
5209,sigma_h,True,232.04750000000007,0.0030945959426725888,2.6592467034220904,4.509632419812362,1094.519051640876,142.46740328714773,101.76025172791068
5210,sigma_w,True,151.50000000000094,0.004336797409590133,2.0701056982127866,4.67016119008775,721.1664406411459,88.1221079541256,36.13803949873123
5210,sigma_h,True,398.29026299028305,0.003589212047117254,0.6116796354478723,10.023002445504844,1199.2252782569537,182.52887843576022,63.03859301974644
5211,sigma_w,True,1193.2795652742252,0.003113622121227313,3.7183252643568316,8.417080588560179,1477.7028250308856,786.2032796089464,35.52478762643925
5211,sigma_h,True,1311.9999999997829,0.0036146174548524943,0.4808127185041277,8.62808999007139,1757.5115970423515,579.8633074446665,87.54144109088976
5212,sigma_w,True,164.28258187830303,0.004327615394585815,3.9999999999999556,6.23630534747551,675.8054295345013,109.86238390761015,28.65224841029241
5212,sigma_h,True,517.3503544549014,0.0068578301878339356,0.2500083566709222,7.768433140155345,1169.4907370275232,211.9073609171885,34.771161517203204
5215,sigma_w,True,102.01000000009377,0.020055100384065504,0.2500000000008384,2.8546702587023023,336.5900310619293,41.78329600005137,97.26862818824131
5215,sigma_h,True,94.3768755462287,0.00369171961602718,3.9999999999989733,7.752643690385349,569.7885028364533,63.11362053550353,22.887020468224506
5216,sigma_w,True,1908.8735083871932,0.0037686489490833027,3.285200611908972,7.007059209258062,1391.823485405297,1225.767291774239,377.88300290824344
5216,sigma_h,True,245.8599522838496,0.005373409837791637,2.0138959391678792,4.90369392400524,663.8179451556973,142.15975476218716,49.94591739247499
5217,sigma_w,True,223.59427878307667,0.01605638589734746,0.2500000000004949,3.4422711084312554,497.1169677831913,91.58421658956497,51.89960460452676
5217,sigma_h,True,168.92250000005956,0.007624358193335034,1.308186073106492,4.0209715163097055,462.56882576507076,89.12448266773545,69.01992149839748
5220,sigma_w,True,291.59106686092605,0.004173722845631577,3.999999999999923,5.92356972486422,813.946685482256,194.99869898097518,175.61344522293007
5220,sigma_h,True,499.56244527314254,0.010706493805271252,0.2500017951907768,3.309880850899398,824.4328708816034,204.620913606157,323.6272546960122
5221,sigma_w,True,256.24333569794663,0.006739522012221301,3.9999999999999707,5.0868368408888065,530.141113258494,171.36024646282027,128.44471999437837
5221,sigma_h,True,162.86250000020212,0.010117442858050782,0.751021723660845,3.6499861480329963,405.26957719650335,77.2455905820065,83.91157368299667
5222,sigma_w,True,391.99999999995157,0.005172356129890156,3.9999999999999996,5.547557846786861,756.1989812665652,262.14619955072504,9.762655818904685
5222,sigma_h,True,56.288411733607894,0.007430293170402019,3.9999999999927587,4.4621900839868,294.5059466357005,37.64232962935757,9.186305679230896
5227,sigma_w,True,397.1907714517994,0.007533395675093304,0.5482756067178446,4.381170616225263,699.1956645751852,178.9512948082481,60.196398785360124
5227,sigma_h,True,1872.3354278885165,0.00389035471312974,3.4024477409527507,8.327297152218764,1276.2828837314112,1211.1502633348107,95.18161394410147
5228,sigma_w,True,2155.583640850239,0.003776287005786921,3.3207846950220543,8.392303013452318,1373.592863368308,1387.3166186543833,343.46047529868133
5228,sigma_h,True,302.43712620952624,0.004882783255013389,1.6562918992151583,6.011476370985542,739.8731155394333,167.67760551625327,64.47222953130503
5229,sigma_w,True,258.81250000000006,0.0036987251370760982,3.6373042599985177,8.600830474213716,824.404053668798,169.7499255614301,251.6595263934948
5229,sigma_h,True,2375.9999999999486,0.0034225394641812954,1.1979320761011818,9.234694063099825,1577.2986342679105,1231.239519764805,82.43830633836235
5230,sigma_w,True,358.12276863912933,0.004562871384722414,3.999999999999991,5.099001368795238,819.6833025608032,239.49112951873184,421.8038430569127
5230,sigma_h,True,238.36000000161548,0.00430795992056369,2.053607096563046,5.250687411750999,768.0902305953197,138.40588252665867,282.59990059660225
5231,sigma_w,True,2326.604763112461,0.003391176361249729,3.1822482752524373,7.085397339900492,1601.3219544425613,1484.0508507674124,288.7517957084319
5231,sigma_h,True,297.5142313456502,0.0033083392358461594,3.9999999999999796,6.527925798273385,1049.710719969137,198.9597578049157,293.24630723226346
5232,sigma_w,True,207.97284057536146,0.006555325415432731,1.272922471460709,5.812043809791948,515.5481428264379,109.11286405746313,113.10784167684051
5232,sigma_h,True,160.3375000000016,0.00676096088797173,0.9269525590944493,6.677352864903797,473.627594165129,79.01601961741771,244.49993216488647
5233,sigma_w,True,2433.9999999999964,0.005056805536135786,0.3863351978399512,6.70645046714827,1597.0170407502872,1044.9731549721887,105.29041375877199
5233,sigma_h,True,308.30250001168685,0.004152141722844861,2.8833424398146486,6.9217150587631515,825.8742545969416,192.58785579723488,144.98579830951093
5234,sigma_w,True,236.0875000000008,0.005418157974746814,3.3758346365560294,4.307920293316274,672.4331942854559,152.46704526330933,67.63275503602382
5234,sigma_h,True,1977.999990679767,0.004741405216188024,0.3377600946100234,9.999999999566217,1678.30294606861,835.719626093868,246.8116412885498
5235,sigma_w,True,363.8525000000014,0.003072489871810522,2.9757525473940563,14.673264927057009,925.7106878802631,228.81833606674257,470.7135864712924
5235,sigma_h,True,309.5650000000114,0.003229530585421476,3.3942681647332016,11.157701665716399,917.4676072563714,200.14662367746757,902.3932983847911
5236,sigma_w,True,255.16808797412378,0.004848837725695923,3.9999999999855222,7.496882337677504,631.2993788444459,170.64118497194102,112.13717721397218
5236,sigma_h,True,1339.1327137849598,0.008569629028570815,0.2500000000357112,5.315549673204781,1132.6643094871638,548.5087595735729,90.54406076226114
5242,sigma_w,True,3273.999999999929,0.004933304089220046,0.42193577910297136,8.901280888552598,1570.5722060658818,1421.5059949958775,321.659737545802
5242,sigma_h,True,312.0900000012305,0.004333449003731618,2.2877277821840756,7.980883166157974,762.53453733202,185.49702650177238,363.23732656712036
5243,sigma_w,True,196.44500000000002,0.006250834091647774,3.2863662920957206,4.253691580644863,555.2152445151645,126.15490694208505,90.00785651788395
5243,sigma_h,True,476.9033058007841,0.011832435859549278,0.25000000048008314,5.333194525187604,715.4262374188761,195.33959409072736,124.56875164457696
5253,sigma_w,True,2267.9846178723064,0.003516864514077321,3.288991268292513,8.357467190592482,1468.7717020108946,1456.7195174986582,475.31869315468145
5253,sigma_h,True,293.4050000000001,0.005423313656144331,3.2107826729879165,3.2162053713533703,743.6032906699651,187.50349632527784,143.28671951975235
6300,sigma_w,True,129.78500000000003,0.004550249145790167,3.9999999999999982,4.05333045159877,554.3620973173148,86.79246048136494,27.97512287079626
6300,sigma_h,True,578.8494874184775,0.007848159877634528,0.2500318048326567,4.5793494074342345,1011.3306524407171,237.0995423573846,72.51940099203124
6301,sigma_w,True,204.68682213228848,0.0037947671223935984,3.999999999999872,6.742025618200528,761.4285367352823,136.88232785740036,65.2252855468535
6301,sigma_h,True,213.2861451820282,0.01126009726452045,0.25000000000000355,3.6452687582359062,647.7653315613959,87.36200506655886,63.46376816105834
6302,sigma_w,True,418.427324880166,0.004354639096377832,1.4040879079565425,4.784387733247893,946.6870816697101,224.0293256914525,60.519994820677496
6302,sigma_h,True,230.8717026052754,0.004441243031078503,1.2253493133150442,7.061418086873019,721.013616918525,120.18802226905314,26.77637862763758
6303,sigma_w,True,1048.7342219978732,0.0033190130373567826,3.5390982831905244,5.758035471858869,1399.1652572048217,683.9644456558839,12.744969043903048
6303,sigma_h,True,171.71200323124353,0.010300711858360916,0.2500000000940445,3.498394554696476,670.6578889192473,70.33323652596665,39.45289434294886
6304,sigma_w,True,272.0910332044129,0.008606837643342479,0.29626702836460167,3.3290535335541858,840.3313965942687,113.32684661794464,91.97774619024618
6304,sigma_h,True,348.61163792293263,0.00700810403472889,0.2500000000001288,6.635535955122133,1067.259176600347,142.79132689324,49.08942521020475
6305,sigma_w,True,717.1641843025665,0.007495125116854687,0.25000000000662986,4.558938420552931,1189.726884166774,293.7504498910524,117.27369983266944
6305,sigma_h,True,176.2450000040064,0.003918677722615533,3.9999999990784114,5.2657384632328545,759.5294863793005,117.86213504775365,71.08844694083943
6306,sigma_w,True,152.00500000000002,0.005048436752006717,3.0301351730280386,4.60405882175101,596.5596942973206,95.96024228343741,102.7266943353321
6306,sigma_h,True,1375.9999999967163,0.006495508172013468,0.30380172995039734,6.713913186196799,1287.4165276695283,574.6265989531755,101.41340135579382
6883,sigma_w,True,241.85452567655958,0.003395224629730644,3.9987489894128445,2.4151046619560677,1087.3324306626341,161.727631507693,12.888344996522733
6883,sigma_h,True,325.7788347272315,0.0028238948325471623,3.8673761444357924,2.781788612857676,1395.503384358773,216.37485530827914,13.356167844548812
6916,sigma_w,True,619.9999999999999,0.0016110590277424062,3.9999999999999996,7.499999999999999,2454.2053926957824,414.61898908538154,42.00390560384005
6916,sigma_h,True,65.65407303876626,0.006125132534674378,0.25000000000000006,8.999999999999998,546.3808389874266,26.891908316678663,23.494569948457297
6917,sigma_w,True,62.87250000000014,0.009510776342768907,3.668127483109663,3.5546341159060657,264.80825897847404,41.30854907498935,12.489182288318784
6917,sigma_h,True,425.99999999963995,0.004755189638955256,3.9999999999999996,7.891534303817068,765.9158572629073,284.883369919715,12.290692256530727
6922,sigma_w,True,145.44000000003587,0.0065930949625585015,2.1867353175776754,2.180968015210836,522.7352604033749,85.60563949909712,32.8433973850794
6922,sigma_h,True,202.00000000175282,0.004908060068877602,3.1973038032256613,3.64136113323939,684.141631349778,128.9760140808567,148.9422377854757
6923,sigma_w,True,255.22499711489795,0.009617012607806218,0.3823490512440293,6.047339674423447,576.3155265641597,109.43343906213694,31.12139516194982
6923,sigma_h,True,106.80750000000002,0.005795381283799939,2.3273823695135896,6.602733677482076,417.5609411567548,63.71934601726463,66.99844032239025
6924,sigma_w,True,1197.999997000123,0.006191443429690727,0.2881754268231778,7.504718698458859,1368.8648383269779,497.5441200733019,86.77069795344737
6924,sigma_h,True,465.56999240419873,0.010760781211060569,0.25000000000000255,5.872572358457341,769.972308938439,190.69746888875991,68.52849022527805
