model,track_id,extrapolation_mse,late_stage_mse,cumulative_drift,gap_fill_mse,mean_squared_jerk_z,mean_squared_jerk_all
ode,5175,0.16059334576129913,0.17430411279201508,16.266630068421364,0.14551392197608948,1.086472485481942e-16,1.2070694189754636e-16
ode,5177,0.20951586961746216,0.4412367641925812,17.241488501429558,0.18067578971385956,1.1150013492388549e-16,1.2317862815393375e-16
ode,5179,0.16443794965744019,0.08811713010072708,16.90764118731022,0.1469360738992691,6.755492080236461e-17,7.495726745987305e-17
ode,5180,0.07322805374860764,0.022897478193044662,10.043261226266623,0.07214515656232834,1.1075420329981987e-16,1.2323886013741742e-16
ode,5190,0.24531155824661255,0.47651615738868713,17.433137625455856,0.16460001468658447,1.0548325623539927e-16,1.170965058703593e-16
ode,5195,0.374642938375473,0.7952134013175964,25.133050069212914,0.3379459083080292,6.746479782026573e-17,7.496731494704686e-17
ode,5206,0.18804480135440826,0.1830759346485138,15.494127660989761,1.1717416048049927,6.937097929361253e-17,7.548196246021272e-17
ode,5212,1.1307357549667358,2.0346591472625732,43.41541200876236,0.7540738582611084,6.1028081957517e-17,6.707444798047951e-17
ode,5216,0.7486631274223328,1.690971851348877,29.495750218629837,0.5691933035850525,1.0432131232022358e-16,1.1568676070181238e-16
ode,5228,0.6220651268959045,1.618014931678772,26.219262406229973,0.3483703136444092,6.502421134909538e-17,7.1939088339644e-17
ode,5233,1.0867962837219238,1.5533080101013184,43.66919948160648,0.7356230020523071,7.971824113304246e-17,8.852615514555067e-17
ode,5234,0.3717747628688812,0.9610372185707092,19.304331049323082,0.26139551401138306,9.883214177532169e-17,1.0970098179854318e-16
ode,6300,0.6284699440002441,1.4724866151809692,30.459886819124222,0.837375283241272,1.197990858083973e-16,1.3314667951915983e-16
ode,6306,0.5594866275787354,1.2167668342590332,25.955923050642014,0.9983203411102295,2.489354393108524e-16,2.7574232037903677e-16
ode,6883,0.8852284550666809,0.6676656007766724,41.95702004432678,0.9568753838539124,7.505916949389468e-17,8.129872961491011e-17
lstm,5175,0.3645358085632324,0.6643716096878052,22.929695000872016,0.4575316607952118,1.8992459040472094e-14,1.0029592332250608e-14
lstm,5177,0.5676795244216919,1.3991731405258179,26.361160069704056,0.6479716897010803,4.6527008184778576e-14,1.8203958046283275e-14
lstm,5179,0.3231251835823059,0.314574271440506,22.62512096762657,0.4202314019203186,4.20285347865236e-14,1.6673428873487143e-14
lstm,5180,0.22069217264652252,0.2802198827266693,17.253469489514828,0.31452125310897827,4.2947175052105834e-15,1.0656645176216652e-14
lstm,5190,0.5483397245407104,1.1515690088272095,24.451074734330177,0.5274502038955688,9.32461031132037e-13,6.056985470545678e-13
lstm,5195,0.39436963200569153,0.7508932948112488,26.290622785687447,0.5401861667633057,2.0688427370980228e-14,1.0211402095734192e-14
lstm,5206,0.3097374737262726,0.2283095270395279,19.965312115848064,0.400268018245697,2.310544943849753e-14,1.2056787885170932e-14
lstm,5212,0.271342933177948,0.37073197960853577,21.09345667809248,0.3600926995277405,9.237107742110853e-15,6.886223277664588e-15
lstm,5216,0.6250190734863281,1.4451181888580322,26.436844289302826,0.5068960189819336,1.1449632339238444e-14,8.059911375240036e-15
lstm,5228,0.8155698180198669,1.8583236932754517,32.51144590973854,0.5355532765388489,5.126231538321764e-15,2.9431864759087408e-15
lstm,5233,1.1687151193618774,2.681265115737915,43.37887853384018,0.8745342493057251,1.708453934963841e-14,9.839151091276267e-15
lstm,5234,0.8593757748603821,2.109255313873291,30.094115436077118,0.7638439536094666,1.0613839519194208e-14,7.38431168493506e-15
lstm,6300,0.4200614392757416,0.25736770033836365,27.300751864910126,0.8638685941696167,1.0728149156525018e-14,6.413410121781948e-15
lstm,6306,0.2972400486469269,0.3346070647239685,19.687836103141308,0.3160676658153534,1.9401081286754725e-14,1.0460254658165111e-14
lstm,6883,1.0035439729690552,0.2095656841993332,39.24886652827263,1.7461899518966675,3.445763910748384e-14,1.589687231440403e-14
gru,5175,0.39745622873306274,1.0017821788787842,22.333191104233265,0.14226692914962769,1.0556563435903943e-11,7.287794933502623e-12
gru,5177,0.8267510533332825,2.040924072265625,31.87361792474985,0.4327051639556885,1.3046085045598232e-11,8.197301922900172e-12
gru,5179,0.22460690140724182,0.5519639849662781,17.013188946060836,0.049577496945858,1.223149099366383e-11,7.942775632809504e-12
gru,5180,0.3671143352985382,0.6611868143081665,22.69137403741479,0.07241570949554443,1.771433867647776e-11,1.0432395543500764e-11
gru,5190,0.7493045926094055,1.876872181892395,26.40558134391904,0.36904168128967285,3.112429480811585e-10,1.2556067181349975e-10
gru,5195,1.0412652492523193,1.9149290323257446,43.73356556892395,0.5843795537948608,4.699467898161558e-11,2.0551080079598643e-11
gru,5206,0.678469717502594,1.118690013885498,30.591369956731796,0.44772791862487793,4.934192637806589e-11,3.2563103255500714e-11
gru,5212,0.5395825505256653,0.8925462365150452,31.625228464603424,0.2030668407678604,1.8417154953875858e-11,2.0396544407145594e-11
gru,5216,1.0520739555358887,2.4770195484161377,33.851060926914215,0.546332061290741,8.822987479506494e-11,3.86248128388574e-11
gru,5228,1.2853772640228271,2.9292702674865723,40.34125477075577,0.4515082538127899,1.0240440440068e-10,4.48937828463151e-11
gru,5233,2.0695409774780273,3.7053048610687256,60.66144272685051,1.0665086507797241,1.3701635659391087e-10,6.22107995904934e-11
gru,5234,1.2559837102890015,3.094527006149292,34.0753972530365,0.5915554165840149,2.956051722846631e-11,2.2705509347686892e-11
gru,6300,0.4119872748851776,0.599989652633667,26.61843828111887,0.37387415766716003,1.737981113192344e-11,2.1463890849856188e-11
gru,6306,0.6999695301055908,1.361212968826294,30.108339428901672,0.41227835416793823,6.715814709901125e-11,4.415975455677549e-11
gru,6883,0.1727236807346344,0.01871677301824093,13.578507332131267,0.9538565278053284,4.482330895339004e-10,2.053198745281352e-10
transformer,5175,1.0791393518447876,2.526736259460449,37.33219391480088,0.05066925287246704,6.304218258534888e-11,8.470023987738884e-11
transformer,5177,0.5144484639167786,1.1875388622283936,24.56474433094263,0.05844162032008171,6.49646447747898e-11,9.190223582145052e-11
transformer,5179,0.8478956818580627,2.117844343185425,33.07305630668998,0.0634559616446495,2.462933156033298e-11,6.427192054033377e-11
transformer,5180,1.1504499912261963,2.9439456462860107,34.38081154227257,0.015653476119041443,6.594669949011589e-11,9.91607744989705e-11
transformer,5190,0.411198228597641,0.9708960056304932,19.714614495635033,0.09950321912765503,1.2513830249805125e-10,1.1093570969252416e-10
transformer,5195,1.0289968252182007,2.116806745529175,37.96466662734747,0.4247910678386688,8.555198216519955e-11,8.810416285420786e-11
transformer,5206,2.5172245502471924,3.7612414360046387,54.05262719094753,0.2958589196205139,2.2107489450196027e-10,1.3068582558709943e-10
transformer,5212,1.9765866994857788,3.001758098602295,56.19000160321593,0.33084309101104736,2.457782588560775e-11,4.476831266808645e-10
transformer,5216,2.1470723152160645,2.211989402770996,50.915784150362015,0.19318941235542297,4.0489042674174414e-10,1.1577767540978574e-09
transformer,5228,0.14223161339759827,0.13277220726013184,14.594721298664808,0.277235209941864,6.661449170053402e-12,1.8567061776941785e-10
transformer,5233,0.8353698253631592,0.3078879415988922,32.92673325911164,0.8076127767562866,9.486617047471668e-11,1.7458983333125863e-10
transformer,5234,0.2779378294944763,0.697641134262085,16.10371777229011,0.2452813684940338,1.2305766128317686e-10,4.282095372731831e-10
transformer,6300,0.4730566740036011,1.0685272216796875,26.686812113970518,0.3218550682067871,8.654558319998173e-11,3.8657291488256956e-10
transformer,6306,1.5170857906341553,3.271254301071167,38.515032436698675,0.20856910943984985,6.374129002395534e-11,6.015222001054532e-11
transformer,6883,4.940999984741211,7.2884955406188965,94.21289241313934,2.528400421142578,3.123138136995607e-10,2.1037271924484457e-10
