metric,comparison,n,mean,sem,ci95_lo,ci95_hi,wilcoxon_p,paired_t_p
extrapolation_mse,ode mean,15,0.49659963995218276,0.0893312154664395,0.33306872818619015,0.6671571194504697,,
extrapolation_mse,lstm mean,15,0.5459565132856369,0.0754393556375129,0.4117165238161882,0.6947515519211688,,
extrapolation_mse,gru mean,15,0.7848138014475504,0.12898789481300818,0.5594516261915365,1.0427154379089671,,
extrapolation_mse,transformer mean,15,1.3239795883496603,0.3161759542248649,0.804644857843717,1.9747371728221572,,
extrapolation_mse,ode - lstm,15,-0.049356873333454135,0.083073208037903,-0.1926182381932934,0.12188695037116601,0.30279541015625,0.561899007791109
extrapolation_mse,ode - gru,15,-0.28821416149536766,0.12767801130536618,-0.5232099606965979,-0.04045444261282691,0.04791259765625,0.040488496352262295
extrapolation_mse,ode - transformer,15,-0.8273799483974774,0.2971319195145078,-1.4457375654578208,-0.3305482631425065,0.00537109375,0.014617873239286448
late_stage_mse,ode mean,15,0.8930847458541393,0.17196863046252972,0.5836279317488273,1.2305006075960894,,
late_stage_mse,lstm mean,15,0.9370230317115784,0.20572617176467495,0.5720316111048063,1.3495121170332034,,
late_stage_mse,gru mean,15,1.6163290395090977,0.2777079332568405,1.1070997702578704,2.1482143462045737,,
late_stage_mse,transformer mean,15,2.2403556764125825,0.46134826588401473,1.4573392701148986,3.182031553983688,,
late_stage_mse,ode - lstm,15,-0.043938285857439044,0.21434470854062354,-0.4374352114958068,0.3768881104700266,0.67877197265625,0.8405312541105912
late_stage_mse,ode - gru,15,-0.7232442936549585,0.25946821587747915,-1.203421331991752,-0.22598402447998522,0.02557373046875,0.014535994019286702
late_stage_mse,ode - transformer,15,-1.3472709305584432,0.5325725903508061,-2.411696394619842,-0.4146493742739163,0.01806640625,0.02404301627095302
cumulative_drift,ode mean,15,25.266408094515402,2.787983382303015,20.124591461898138,30.79742146361619,,
cumulative_drift,lstm mean,15,26.641910033797224,1.8678841309552743,23.369447402696437,30.334705984822165,,
cumulative_drift,gru mean,15,31.03343720442305,2.953998756601243,25.931194128395678,37.16708150524801,,
cumulative_drift,transformer mean,15,38.081893963739276,5.186565449252519,29.325242387332644,48.76908647286395,,
cumulative_drift,ode - lstm,15,-1.3755019392818213,2.1544741812826325,-5.021365185234075,3.0991457837944214,0.1876220703125,0.5334928763327257
cumulative_drift,ode - gru,15,-5.767029109907647,3.28639864872278,-11.428334407972482,1.0491438679536764,0.041259765625,0.10113991819674872
cumulative_drift,ode - transformer,15,-12.815485869223872,4.540565449285075,-21.690888230620573,-4.7011611710054275,0.01025390625,0.013567284734949343
gap_fill_mse,ode mean,15,0.5120523646473885,0.09508938813568152,0.33564446785797675,0.6971408712615569,,
gap_fill_mse,lstm mean,15,0.6183471202850341,0.09301010966253954,0.47096538290381434,0.8165019967158635,,
gap_fill_mse,gru mean,15,0.4464729810754458,0.07412364044807118,0.31018674615770575,0.5923564397543668,,
gap_fill_mse,transformer mean,15,0.39475733165939647,0.16075085013118062,0.1718317570971946,0.738491539036234,,
gap_fill_mse,ode - lstm,15,-0.10629475563764572,0.11132299035457875,-0.30689213587592046,0.10722151990979907,0.25238037109375,0.3558600261451873
gap_fill_mse,ode - gru,15,0.06557938357194265,0.09067911322846373,-0.09875545213619868,0.2463275657966733,0.67877197265625,0.4814642785023481
gap_fill_mse,ode - transformer,15,0.11729503298799197,0.14304244910341754,-0.18103621781493226,0.3577676202046374,0.063720703125,0.42595635512852537
mean_squared_jerk_z,ode mean,15,9.956621493812574e-17,1.190610115341643e-17,8.103303737133166e-17,1.2483019788711208e-16,,
mean_squared_jerk_z,lstm mean,15,8.041305649985112e-14,6.09483749729875e-14,1.489126760740814e-14,2.0486443051439011e-13,,
mean_squared_jerk_z,gru mean,15,9.130182582195446e-11,3.245530579156309e-11,3.87225917071928e-11,1.596785094498791e-10,,
mean_squared_jerk_z,transformer mean,15,1.1780015053697302e-10,2.8840323543482384e-11,6.974865572259569e-11,1.79046153771234e-10,,
mean_squared_jerk_z,ode - lstm,15,-8.0313490284913e-14,6.094798305964913e-14,-2.048205156201328e-13,-1.475257939812377e-14,6.103515625e-05,0.20874840276165024
mean_squared_jerk_z,ode - gru,15,-9.130172625573952e-11,3.24553070048364e-11,-1.595442986318488e-10,-3.830322368760211e-11,6.103515625e-05,0.0138178455929851
mean_squared_jerk_z,ode - transformer,15,-1.1780005097075809e-10,2.8840324367594764e-11,-1.7731353022074182e-10,-6.956067712849094e-11,6.103515625e-05,0.001115268957999545
mean_squared_jerk_all,ode mean,15,1.1018284296036839e-16,1.3233265689541775e-17,8.921314306662948e-17,1.3846353855232486e-16,,
mean_squared_jerk_all,lstm mean,15,5.009424549753909e-14,3.969994915839737e-14,8.916509050122002e-15,1.3039894354731354e-13,,
mean_squared_jerk_all,gru mean,15,4.482067280977183e-11,1.3850069379110753e-11,2.2568777461746035e-11,7.422821384749546e-11,,
mean_squared_jerk_all,transformer mean,15,2.480525728108344e-10,7.336406110383002e-11,1.344073808318213e-10,4.04675623723586e-10,,
mean_squared_jerk_all,ode - lstm,15,-4.9984062654578723e-14,3.96994545682615e-14,-1.303783159993202e-13,-8.79676309982638e-15,6.103515625e-05,0.22859707171958912
mean_squared_jerk_all,ode - gru,15,-4.4820562626928867e-11,1.3850070346718253e-11,-7.384504087243193e-11,-2.263411978680362e-11,6.103515625e-05,0.005975378945163457
mean_squared_jerk_all,ode - transformer,15,-2.480524626279914e-10,7.336406220787396e-11,-4.0914083554610655e-10,-1.349977553690459e-10,6.103515625e-05,0.004477983278168034
