model,split,drop_frac,mean,std,median,n_drop_seeds
gru_s0,test,0.2,0.3435937631461355,0.04609951754016121,0.3444311412672202,3
gru_s0,test,0.4,0.3516950701673826,0.02123570275850645,0.3467674861351649,3
gru_s0,test,0.6,0.36220148222313986,0.024660468047969904,0.3690147211154302,3
gru_s0,val,0.2,0.2087677316533195,0.029632528856086825,0.20373168761531513,3
gru_s0,val,0.4,0.23085960787203577,0.01806041355324813,0.2221853666007519,3
gru_s0,val,0.6,0.2507103821883599,0.012974655582765789,0.24445283686121305,3
gru_s1,test,0.2,0.3554787466509475,0.04394219798577713,0.3543814353644848,3
gru_s1,test,0.4,0.36827193647623063,0.02224981446360091,0.3627665181954702,3
gru_s1,test,0.6,0.3812628246015972,0.024693818382482965,0.38788045247395836,3
gru_s1,val,0.2,0.23843087744381694,0.029962801362664444,0.22826128974556922,3
gru_s1,val,0.4,0.265489901519484,0.0166304211514023,0.2585038440922896,3
gru_s1,val,0.6,0.28847342779239016,0.01799725499088725,0.2801110580563545,3
gru_s2,test,0.2,0.3597334746685293,0.04263540742045961,0.3564350085953871,3
gru_s2,test,0.4,0.37200994292895,0.021962988802983453,0.3659780979156494,3
gru_s2,test,0.6,0.38958543108569255,0.024750011017776505,0.3955519234140714,3
gru_s2,val,0.2,0.24573783168776173,0.030506127631406983,0.2322908455505967,3
gru_s2,val,0.4,0.2803058758378029,0.01694375077531898,0.2722673925260703,3
gru_s2,val,0.6,0.31118025812837813,0.020211877390906786,0.30408601512511574,3
lstm_s0,test,0.2,0.19704427590800655,0.014659181350368998,0.20090612570444744,3
lstm_s0,test,0.4,0.2029958848738008,0.010782999288603311,0.20813929364085199,3
lstm_s0,test,0.6,0.23751087254948086,0.009476177542245239,0.2365383348117272,3
lstm_s0,val,0.2,0.2151476744355427,0.02032496984607394,0.21219679315884907,3
lstm_s0,val,0.4,0.27304896604683665,0.01441400049678412,0.27927303351461885,3
lstm_s0,val,0.6,0.334332408880194,0.02881059736028796,0.3345555178821087,3
lstm_s1,test,0.2,0.21778577067371874,0.018318817153363254,0.21853699628263712,3
lstm_s1,test,0.4,0.22450385772519643,0.011795909522857428,0.23006446460882823,3
lstm_s1,test,0.6,0.260200085139109,0.010383026083104343,0.2551620696981748,3
lstm_s1,val,0.2,0.21561545037354035,0.023425303918791912,0.20847184462472795,3
lstm_s1,val,0.4,0.26839740708884263,0.014956658008828613,0.2690345029657086,3
lstm_s1,val,0.6,0.3216551874039902,0.026091305405971373,0.3189412190268437,3
lstm_s2,test,0.2,0.23465269903341932,0.034369810225310285,0.2452432170510292,3
lstm_s2,test,0.4,0.23818718848956957,0.015226374298792195,0.23801067198316256,3
lstm_s2,test,0.6,0.2503951677845584,0.012030325389740236,0.2559770698348681,3
lstm_s2,val,0.2,0.1472259102596177,0.021776781678679347,0.14351821678380172,3
lstm_s2,val,0.4,0.17312352678014173,0.014210449355464816,0.17505141695340473,3
lstm_s2,val,0.6,0.19757803177667987,0.01423340072800657,0.19687806367874144,3
ode_leaked,test,0.2,0.19827295169234274,0.028349749382956268,0.20668979709347088,3
ode_leaked,test,0.4,0.2008150153689914,0.011791209128227986,0.2032137081027031,3
ode_leaked,test,0.6,0.20932159821192423,0.005702695660987006,0.21169765666127205,3
ode_leaked,val,0.2,0.17348827719688412,0.022059743817598215,0.17724695752064387,3
ode_leaked,val,0.4,0.17368682763642732,0.010826619536393297,0.1795298472046852,3
ode_leaked,val,0.6,0.19425690985388225,0.009224839033166446,0.19531540125608443,3
ode_s0,test,0.2,0.18132196226053768,0.024011872429368038,0.1863988846540451,3
ode_s0,test,0.4,0.18554819756084018,0.012025637011256595,0.1894252787033717,3
ode_s0,test,0.6,0.1959788668486807,0.0038901508391181966,0.1960844638446967,3
ode_s0,val,0.2,0.15700065029991997,0.013835511418288603,0.1619407263894876,3
ode_s0,val,0.4,0.15794508424070144,0.01196724144351696,0.16059286519885063,3
ode_s0,val,0.6,0.17805581622653535,0.009601715193219769,0.1756592445075512,3
ode_s1,test,0.2,0.8438079624540276,0.06743780022512623,0.8097333001593748,3
ode_s1,test,0.4,0.8520796133412255,0.04416776673549167,0.8309933337072531,3
ode_s1,test,0.6,0.8835845763484637,0.06253436038574979,0.8845881027479966,3
ode_s1,val,0.2,0.520525036710832,0.06342755084528152,0.49968704680601755,3
ode_s1,val,0.4,0.5884955882198281,0.04901043862182028,0.5791339546442031,3
ode_s1,val,0.6,0.634460496240192,0.025749663428408696,0.6215231962502002,3
ode_s2,test,0.2,0.7672961522307661,0.06353386745562013,0.7344517894089222,3
ode_s2,test,0.4,0.774107429633538,0.038437532636196696,0.7527338373164336,3
ode_s2,test,0.6,0.8037756654951308,0.05835535385428062,0.807032426695029,3
ode_s2,val,0.2,0.4775302373700672,0.058733803976030584,0.45884565512339276,3
ode_s2,val,0.4,0.5358250874612067,0.04635392655937909,0.5271908613542716,3
ode_s2,val,0.6,0.575262029717366,0.02381149809119604,0.5644527224202951,3
transformer_s0,test,0.2,0.39632394119269315,0.018227560667717184,0.3992685026178757,3
transformer_s0,test,0.4,0.39757889852755596,0.03199020393695196,0.3938138961791992,3
transformer_s0,test,0.6,0.41771966210669936,0.01688072662289498,0.42536140034596126,3
transformer_s0,val,0.2,0.15897278847793736,0.013975082044730044,0.162178544079264,3
transformer_s0,val,0.4,0.18436464907394515,0.013118244040413615,0.18687872141599654,3
transformer_s0,val,0.6,0.21069855329891043,0.01686903843059464,0.2045012208322684,3
transformer_s1,test,0.2,0.29268283947474427,0.023908161632392205,0.28617484445373215,3
transformer_s1,test,0.4,0.3067523270845413,0.025142139320163077,0.30714785878856976,3
transformer_s1,test,0.6,0.3559129774570465,0.024346976207174274,0.34563689678907394,3
transformer_s1,val,0.2,0.15100054923548467,0.03019005705364464,0.1505117117272069,3
transformer_s1,val,0.4,0.18633592335714233,0.013336525107552587,0.1845728444556395,3
transformer_s1,val,0.6,0.20923860702249739,0.020399354098776943,0.21196510990460712,3
transformer_s2,test,0.2,0.20339598703301612,0.011996252060120519,0.198473097756505,3
transformer_s2,test,0.4,0.20818631206121707,0.015553010778485752,0.21394925452768804,3
transformer_s2,test,0.6,0.22007175953023964,0.006714067257588588,0.21735623851418495,3
transformer_s2,val,0.2,0.13613630563227666,0.011122498788964309,0.13988122806573908,3
transformer_s2,val,0.4,0.14734076443645688,0.008696211100280958,0.14427898377180098,3
transformer_s2,val,0.6,0.1644994229492214,0.009923427412636571,0.16424837646385035,3
