model,split,seed,n,mean,std,median,max
ode_leaked,train,leaked,70,0.38353505272950444,0.4053414589180008,0.19450993090867996,2.069270372390747
ode_leaked,val,leaked,15,0.22155372550090155,0.1433073704997854,0.1719549000263214,0.5950175523757935
ode_leaked,test,leaked,15,0.2152117316921552,0.16214838328222436,0.14921151101589203,0.668329119682312
ode_s0,train,0,70,0.36483688498181954,0.3932248364663946,0.2145708203315735,1.8978434801101685
ode_s0,val,0,15,0.1971345439553261,0.12579991593300957,0.16242435574531555,0.5183170437812805
ode_s0,test,0,15,0.1965816984574,0.13516046590610778,0.1407008320093155,0.4803331196308136
ode_s1,train,1,70,1.3669699029198714,1.0618891766594556,0.9640469551086426,5.074376583099365
ode_s1,val,1,15,0.5202918867270152,0.3724646521134052,0.4385068714618683,1.1703381538391113
ode_s1,test,1,15,0.8080673118432363,0.4859864443773545,0.6442766785621643,1.8328795433044434
ode_s2,train,2,70,1.2472109957997288,1.007781107798717,0.8471259772777557,4.760024547576904
ode_s2,val,2,15,0.47782941460609435,0.34521725591992425,0.45388737320899963,1.117172122001648
ode_s2,test,2,15,0.7400181184212367,0.46799473917803264,0.5501032471656799,1.78902268409729
ode_clean,train,clean,70,0.9930059279004734,0.8136319872008393,0.6512724881370862,3.9107482035954795
ode_clean,val,clean,15,0.3984186150961452,0.2229675824428999,0.3365139539043109,0.8320570786794027
ode_clean,test,clean,15,0.5815557095739577,0.3399701996123423,0.4386175473531087,1.366931140422821
nls_insample,train,nls,70,0.02754917857671021,0.022801742851860388,0.017678579663469546,0.1171090569765599
nls_insample,val,nls,15,0.011963981021299742,0.00730565667996331,0.010205269516567186,0.03059726414187237
nls_insample,test,nls,15,0.01717130026805785,0.01057590503484912,0.014526937769506277,0.03410551489473883
gru_s0,train,0,70,0.6834539913705417,0.6552293696011894,0.3821238726377487,3.1546740531921387
gru_s0,val,0,15,0.2200705183049043,0.17443731758330938,0.17683909833431244,0.5643346309661865
gru_s0,test,0,15,0.3602601776520411,0.26660036970587836,0.30029550194740295,1.0111196041107178
gru_s1,train,1,70,0.6906950231109347,0.6637725430783018,0.3806682676076889,3.181933641433716
gru_s1,val,1,15,0.24896710167328517,0.18044908276868238,0.2105976790189743,0.6316831707954407
gru_s1,test,1,15,0.374680839975675,0.2765045470380653,0.2897404432296753,1.051754355430603
gru_s2,train,2,70,0.6820727899670601,0.6716095419917265,0.36581483483314514,3.1820058822631836
gru_s2,val,2,15,0.25665062566598257,0.19462754712683478,0.22301159799098969,0.6664501428604126
gru_s2,test,2,15,0.37553803324699403,0.28872964030251075,0.24398642778396606,1.0700803995132446
lstm_s0,train,0,70,0.38095438985952307,0.3503599173298288,0.23364554345607758,1.3784154653549194
lstm_s0,val,0,15,0.227370310947299,0.20133563680290978,0.1446969360113144,0.5458500385284424
lstm_s0,test,0,15,0.19388321849207082,0.19209050735157399,0.08577860891819,0.5684161186218262
lstm_s1,train,1,70,0.3782208444284541,0.3800854231293437,0.20805485546588898,1.6394604444503784
lstm_s1,val,1,15,0.22849963071445625,0.2097892906887675,0.14012756943702698,0.5769895911216736
lstm_s1,test,1,15,0.21489645509670177,0.2067439473397649,0.11676675826311111,0.5014408230781555
lstm_s2,train,2,70,0.4767341020916189,0.4553302552938475,0.281776025891304,2.241231918334961
lstm_s2,val,2,15,0.1559486492226521,0.1337933260858125,0.10840566456317902,0.3950151801109314
lstm_s2,test,2,15,0.24621849233905474,0.19913337529885877,0.1742769479751587,0.6653141379356384
transformer_s0,train,0,70,0.3830833310793553,0.419829156971388,0.21413186937570572,1.9596525430679321
transformer_s0,val,0,15,0.16948045268654824,0.11493662163529901,0.10706449300050735,0.38589251041412354
transformer_s0,test,0,15,0.41203728367884956,0.5454871780520782,0.19438660144805908,1.9308884143829346
transformer_s1,train,1,70,0.8942304299878222,0.8574302382982913,0.7257994115352631,3.802478313446045
transformer_s1,val,1,15,0.1627656010289987,0.13733359535902934,0.0865408405661583,0.40867987275123596
transformer_s1,test,1,15,0.29607036486268046,0.28284795178860184,0.21900083124637604,0.9242584109306335
transformer_s2,train,2,70,0.3125367472214358,0.29538518150469484,0.21851912885904312,1.5744448900222778
transformer_s2,val,2,15,0.14334432234366734,0.09603874795076088,0.09590397030115128,0.3675844073295593
transformer_s2,test,2,15,0.2098513224472602,0.20340389954872065,0.12900978326797485,0.7207882404327393
lstm_clean,train,clean,70,0.4119697787931988,0.37354857485274073,0.22202343493700027,1.5725659529368083
lstm_clean,val,clean,15,0.20393953029480244,0.18031383440109577,0.12131637831528981,0.5059516032536825
lstm_clean,test,clean,15,0.21833272197594245,0.1955208146405024,0.1256074383854866,0.5155816177527109
gru_clean,train,clean,70,0.6854072681495122,0.6634940128956196,0.3757138202587763,3.172871192296346
gru_clean,val,clean,15,0.2418960818813907,0.18288614379094217,0.20348279178142548,0.6208226482073466
gru_clean,test,clean,15,0.3701596836249034,0.2770805785046122,0.27800745765368146,1.0443181196848552
transformer_clean,train,clean,70,0.5299501694295379,0.4848335905295007,0.4277659977475802,2.115448772907257
transformer_clean,val,clean,15,0.1585301253530714,0.11137957157533535,0.10398065547148387,0.36045804619789124
transformer_clean,test,clean,15,0.30598632366293005,0.3154896191892748,0.19913933922847113,1.1396780411402385
ode_clean_seedmean,val,0-2,3,0.39841861509614523,0.17560530560299636,0.35160620013872784,nan
ode_clean_seedmean,test,0-2,3,0.5815557095739576,0.3351289529535232,0.4450269192457199,nan
ode_clean_seedmean,train,0-2,3,0.9930059279004734,0.5472959060870598,0.6752479175726572,nan
